gene,response,n_slices,n_cohorts,combined_p,direction_consistent,mean_delta,min_p,slices,cohorts,combined_q
Blnk,score_cd8_like,6,2,0.0,False,0.3622477259374201,0.0,"M001,subQ-1,subQ-2,subQ-3,subQ-4,subQ-5","cohort1,cohort2",0.0
Ccn1,score_malignant,6,2,0.0,False,0.10506542589378189,0.0,"M002,subQ-1,subQ-2,subQ-3,subQ-4,subQ-5","cohort1,cohort2",0.0
Ccn1,score_ifn_response,6,2,0.0,False,0.09571294231613732,0.0,"M002,subQ-1,subQ-2,subQ-3,subQ-4,subQ-5","cohort1,cohort2",0.0
Ccn1,score_hypoxia,6,2,0.0,False,0.167207716220883,0.0,"M002,subQ-1,subQ-2,subQ-3,subQ-4,subQ-5","cohort1,cohort2",0.0
Ccn1,score_macrophage,6,2,1.0511494824799118e-63,False,-0.196824816863144,3.283027843454721e-238,"M002,subQ-1,subQ-2,subQ-3,subQ-4,subQ-5","cohort1,cohort2",1.0301264928303137e-62
Phgr1,score_fibroblast,7,2,3.6703301640824904e-61,True,0.4282304445141875,4.767657106022915e-64,"M001,M002,subQ-1,subQ-2,subQ-3,subQ-4,subQ-5","cohort1,cohort2",2.997436300667367e-60
Phgr1,score_ifn_response,7,2,8.434166285580693e-58,False,0.1659874464609355,1.0076964325746697e-116,"M001,M002,subQ-1,subQ-2,subQ-3,subQ-4,subQ-5","cohort1,cohort2",5.903916399906486e-57
Rab8a,score_malignant,6,2,8.152079138553052e-57,True,0.49279539529994687,2.648011374791548e-89,"M001,subQ-1,subQ-2,subQ-3,subQ-4,subQ-5","cohort1,cohort2",4.993148472363744e-56
Phgr1,score_cd8_like,7,2,2.235014707496543e-45,False,0.01706814734866874,1.7377187078072237e-110,"M001,M002,subQ-1,subQ-2,subQ-3,subQ-4,subQ-5","cohort1,cohort2",1.2168413407481178e-44
Phgr1,score_macrophage,7,2,2.269085049847237e-42,True,0.41009232775414983,2.0406265419059303e-52,"M001,M002,subQ-1,subQ-2,subQ-3,subQ-4,subQ-5","cohort1,cohort2",1.1118516744251461e-41
Ccn1,score_cd8_like,6,2,6.337821491296948e-42,False,0.16983094675968066,2.2779864019544187e-191,"M002,subQ-1,subQ-2,subQ-3,subQ-4,subQ-5","cohort1,cohort2",2.823211391577731e-41
Ccn1,score_endothelial,6,2,3.023216146995844e-41,False,0.03763676383921063,2.6209473998322264e-170,"M002,subQ-1,subQ-2,subQ-3,subQ-4,subQ-5","cohort1,cohort2",1.2344799266899696e-40
Phgr1,score_malignant,7,2,7.927309332994062e-38,False,0.35238979591752245,3.222312427777777e-34,"M001,M002,subQ-1,subQ-2,subQ-3,subQ-4,subQ-5","cohort1,cohort2",2.9879858255131467e-37
Utrn,score_macrophage,8,2,2.7250058385728237e-33,False,0.1304935296850079,2.337020511934219e-56,"M001,M002,M003,subQ-1,subQ-2,subQ-3,subQ-4,subQ-5","cohort1,cohort2",9.537520435004883e-33
Utrn,score_endothelial,8,2,1.8055211472125874e-26,False,127.18444703587146,1.1503105528838485e-50,"M001,M002,M003,subQ-1,subQ-2,subQ-3,subQ-4,subQ-5","cohort1,cohort2",5.898035747561119e-26
Utrn,score_hypoxia,8,2,1.3860016952174295e-22,False,0.35393204499496933,8.678449070993e-18,"M001,M002,M003,subQ-1,subQ-2,subQ-3,subQ-4,subQ-5","cohort1,cohort2",4.244630191603378e-22
Phgr1,score_hypoxia,7,2,2.1295846691892324e-21,True,0.4369995063212161,2.187260120355918e-19,"M001,M002,subQ-1,subQ-2,subQ-3,subQ-4,subQ-5","cohort1,cohort2",6.138214634721905e-21
Rab8a,score_fibroblast,6,2,5.190353651522978e-20,False,0.07407684968546831,5.222959363024496e-38,"M001,subQ-1,subQ-2,subQ-3,subQ-4,subQ-5","cohort1,cohort2",1.4129296051368106e-19
Phgr1,score_endothelial,7,2,7.878060796865668e-20,True,-0.24458167578586845,7.83328787882151e-20,"M001,M002,subQ-1,subQ-2,subQ-3,subQ-4,subQ-5","cohort1,cohort2",2.0317104160337774e-19
Rab8a,score_hypoxia,6,2,2.4752609321852644e-19,False,0.26622745630303113,6.986700025744124e-15,"M001,subQ-1,subQ-2,subQ-3,subQ-4,subQ-5","cohort1,cohort2",6.064389283853898e-19
Rab8a,score_ifn_response,6,2,3.024937644058868e-18,False,-0.054485540076997074,4.524917846113051e-38,"M001,subQ-1,subQ-2,subQ-3,subQ-4,subQ-5","cohort1,cohort2",7.058187836137358e-18
Blnk,score_malignant,6,2,7.085645249783906e-17,False,-112378.90777520086,5.3628107708487e-41,"M001,subQ-1,subQ-2,subQ-3,subQ-4,subQ-5","cohort1,cohort2",1.5781664419973244e-16
Cttn,score_ifn_response,7,2,3.5298147544814517e-16,False,0.1266927668746634,6.928012799229233e-25,"M001,M002,subQ-1,subQ-2,subQ-3,subQ-4,subQ-5","cohort1,cohort2",7.520040129112658e-16
Bcam,score_fibroblast,6,2,5.533981689249745e-14,False,0.08177223957902559,1.3937575642503685e-21,"M001,subQ-1,subQ-2,subQ-3,subQ-4,subQ-5","cohort1,cohort2",1.1298545948884897e-13
Cttn,score_macrophage,7,2,1.7391500249832964e-12,False,0.08182526808781088,1.4612729559627008e-23,"M001,M002,subQ-1,subQ-2,subQ-3,subQ-4,subQ-5","cohort1,cohort2",3.408734048967261e-12
Bcam,score_malignant,6,2,2.3456277186559367e-11,True,0.4665612229847233,5.201292035661866e-06,"M001,subQ-1,subQ-2,subQ-3,subQ-4,subQ-5","cohort1,cohort2",4.420606085159265e-11
Utrn,score_fibroblast,8,2,1.6308025169420486e-10,False,-8.938644187488428,2.184967903189375e-12,"M001,M002,M003,subQ-1,subQ-2,subQ-3,subQ-4,subQ-5","cohort1,cohort2",2.9596045677837177e-10
Rab8a,score_endothelial,6,2,2.8801917586937644e-10,False,-0.06039340988114095,2.830835600569564e-18,"M001,subQ-1,subQ-2,subQ-3,subQ-4,subQ-5","cohort1,cohort2",5.040335577714088e-10
Cttn,score_fibroblast,7,2,4.831087374561092e-09,False,-0.0722379357792021,1.2991973594501633e-12,"M001,M002,subQ-1,subQ-2,subQ-3,subQ-4,subQ-5","cohort1,cohort2",8.162871770810122e-09
Bcam,score_macrophage,6,2,1.786337218506641e-08,False,0.04023545043539211,1.3569950684255443e-10,"M001,subQ-1,subQ-2,subQ-3,subQ-4,subQ-5","cohort1,cohort2",2.9176841235608474e-08
Utrn,score_cd8_like,8,2,2.677301364338272e-07,False,36.30786648906672,3.285748294193964e-06,"M001,M002,M003,subQ-1,subQ-2,subQ-3,subQ-4,subQ-5","cohort1,cohort2",4.2318634468572684e-07
Rab8a,score_cd8_like,6,2,1.534969627158791e-06,False,-0.0510102027551412,9.331839145938738e-07,"M001,subQ-1,subQ-2,subQ-3,subQ-4,subQ-5","cohort1,cohort2",2.3504222415868986e-06
Utrn,score_malignant,8,2,1.847158062635055e-06,False,39.4749389085862,1.5262666653041695e-06,"M001,M002,M003,subQ-1,subQ-2,subQ-3,subQ-4,subQ-5","cohort1,cohort2",2.7427498505793237e-06
Ccn1,score_fibroblast,6,2,2.7546334392519022e-06,False,-0.022874563745953074,6.510433769515139e-14,"M002,subQ-1,subQ-2,subQ-3,subQ-4,subQ-5","cohort1,cohort2",3.9699128977453885e-06
Cttn,score_endothelial,7,2,3.6585506774702953e-06,False,-0.059809187727205004,2.3969739895492462e-20,"M001,M002,subQ-1,subQ-2,subQ-3,subQ-4,subQ-5","cohort1,cohort2",5.121970948458414e-06
Blnk,score_fibroblast,6,2,5.514362538503015e-06,True,0.29145143611510554,1.4352566704288977e-06,"M001,subQ-1,subQ-2,subQ-3,subQ-4,subQ-5","cohort1,cohort2",7.505660121851326e-06
Blnk,score_ifn_response,6,2,1.0416438993481252e-05,False,-0.27294800736485764,6.574641255153265e-08,"M001,subQ-1,subQ-2,subQ-3,subQ-4,subQ-5","cohort1,cohort2",1.3794743531907605e-05
Bcam,score_hypoxia,6,2,1.703018102145704e-05,False,0.11378390508170959,0.0057385019875646,"M001,subQ-1,subQ-2,subQ-3,subQ-4,subQ-5","cohort1,cohort2",2.1959970264510393e-05
Blnk,score_endothelial,6,2,1.940904239213496e-05,False,2594.2966952207503,8.586112650319496e-11,"M001,subQ-1,subQ-2,subQ-3,subQ-4,subQ-5","cohort1,cohort2",2.4385719928579822e-05
Bcam,score_ifn_response,6,2,1.9622823233891598e-05,False,0.011182395902172881,3.53009108525799e-08,"M001,subQ-1,subQ-2,subQ-3,subQ-4,subQ-5","cohort1,cohort2",2.4037958461517205e-05
Blnk,score_macrophage,6,2,4.811990827205458e-05,False,-1809.19975791815,9.515190609422798e-06,"M001,subQ-1,subQ-2,subQ-3,subQ-4,subQ-5","cohort1,cohort2",5.750915866660181e-05
Bcam,score_endothelial,6,2,4.9010076970992703e-05,False,0.038263377220150864,1.5959869165025016e-14,"M001,subQ-1,subQ-2,subQ-3,subQ-4,subQ-5","cohort1,cohort2",5.717842313282482e-05
Bcam,score_cd8_like,6,2,6.285927186113762e-05,False,-0.044443876637726094,8.58419653497691e-10,"M001,subQ-1,subQ-2,subQ-3,subQ-4,subQ-5","cohort1,cohort2",7.16303330510638e-05
Blnk,score_hypoxia,6,2,9.017101417822275e-05,False,0.4264123142430806,0.0015109551868056,"M001,subQ-1,subQ-2,subQ-3,subQ-4,subQ-5","cohort1,cohort2",0.00010041772033483896
Rab8a,score_macrophage,6,2,0.00011661828477661065,False,-0.04929423991438834,1.3809863158462282e-08,"M001,subQ-1,subQ-2,subQ-3,subQ-4,subQ-5","cohort1,cohort2",0.00012698435453453158
Cttn,score_malignant,7,2,0.0001199789645391044,False,0.09029535954937486,8.061711512325599e-08,"M001,M002,subQ-1,subQ-2,subQ-3,subQ-4,subQ-5","cohort1,cohort2",0.00012780367961774162
Utrn,score_ifn_response,8,2,0.0004670452582854248,False,-0.07189245276707984,0.0015654230926162,"M001,M002,M003,subQ-1,subQ-2,subQ-3,subQ-4,subQ-5","cohort1,cohort2",0.0004869195245954429
Cttn,score_cd8_like,7,2,0.004817276646377218,False,-0.03840113939498195,0.0520134172143099,"M001,M002,subQ-1,subQ-2,subQ-3,subQ-4,subQ-5","cohort1,cohort2",0.004917636576510076
Cttn,score_hypoxia,7,2,0.2030068688142564,False,0.18963540870854695,0.0264259231270338,"M001,M002,subQ-1,subQ-2,subQ-3,subQ-4,subQ-5","cohort1,cohort2",0.20300686881425642
