barcode	sample	clone_id	target_gene	x_um	y_um
s_008um_00424_00144-1	lm994	lm994_MC0004	Ccn1	1152.0	3392.0
s_008um_00418_00145-1	lm994	lm994_MC0004	Ccn1	1160.0	3344.0
s_008um_00418_00146-1	lm994	lm994_MC0004	Ccn1	1168.0	3344.0
s_008um_00422_00144-1	lm994	lm994_MC0004	Ccn1	1152.0	3376.0
s_008um_00422_00145-1	lm994	lm994_MC0004	Ccn1	1160.0	3376.0
s_008um_00422_00141-1	lm994	lm994_MC0004	Ccn1	1128.0	3376.0
s_008um_00425_00147-1	lm994	lm994_MC0004	Ccn1	1176.0	3400.0
s_008um_00415_00147-1	lm994	lm994_MC0004	Ccn1	1176.0	3320.0
s_008um_00424_00149-1	lm994	lm994_MC0004	Ccn1	1192.0	3392.0
s_008um_00423_00144-1	lm994	lm994_MC0004	Ccn1	1152.0	3384.0
s_008um_00419_00145-1	lm994	lm994_MC0004	Ccn1	1160.0	3352.0
s_008um_00420_00146-1	lm994	lm994_MC0004	Ccn1	1168.0	3360.0
s_008um_00419_00147-1	lm994	lm994_MC0004	Ccn1	1176.0	3352.0
s_008um_00425_00144-1	lm994	lm994_MC0004	Ccn1	1152.0	3400.0
s_008um_00425_00148-1	lm994	lm994_MC0004	Ccn1	1184.0	3400.0
s_008um_00423_00147-1	lm994	lm994_MC0004	Ccn1	1176.0	3384.0
s_008um_00424_00147-1	lm994	lm994_MC0004	Ccn1	1176.0	3392.0
s_008um_00418_00148-1	lm994	lm994_MC0004	Ccn1	1184.0	3344.0
s_008um_00427_00144-1	lm994	lm994_MC0004	Ccn1	1152.0	3416.0
s_008um_00423_00145-1	lm994	lm994_MC0004	Ccn1	1160.0	3384.0
s_008um_00420_00142-1	lm994	lm994_MC0004	Ccn1	1136.0	3360.0
s_008um_00421_00142-1	lm994	lm994_MC0004	Ccn1	1136.0	3368.0
s_008um_00421_00147-1	lm994	lm994_MC0004	Ccn1	1176.0	3368.0
s_008um_00425_00146-1	lm994	lm994_MC0004	Ccn1	1168.0	3400.0
s_008um_00428_00145-1	lm994	lm994_MC0004	Ccn1	1160.0	3424.0
s_008um_00424_00145-1	lm994	lm994_MC0004	Ccn1	1160.0	3392.0
s_008um_00420_00144-1	lm994	lm994_MC0004	Ccn1	1152.0	3360.0
s_008um_00424_00148-1	lm994	lm994_MC0004	Ccn1	1184.0	3392.0
s_008um_00417_00146-1	lm994	lm994_MC0004	Ccn1	1168.0	3336.0
s_008um_00426_00145-1	lm994	lm994_MC0004	Ccn1	1160.0	3408.0
s_008um_00422_00146-1	lm994	lm994_MC0004	Ccn1	1168.0	3376.0
s_008um_00428_00146-1	lm994	lm994_MC0004	Ccn1	1168.0	3424.0
s_008um_00419_00142-1	lm994	lm994_MC0004	Ccn1	1136.0	3352.0
s_008um_00427_00149-1	lm994	lm994_MC0004	Ccn1	1192.0	3416.0
s_008um_00407_00117-1	lm994	lm994_MC0005	Ccn1	936.0	3256.0
s_008um_00394_00136-1	lm994	lm994_MC0005	Ccn1	1088.0	3152.0
s_008um_00395_00131-1	lm994	lm994_MC0005	Ccn1	1048.0	3160.0
s_008um_00399_00135-1	lm994	lm994_MC0005	Ccn1	1080.0	3192.0
s_008um_00391_00131-1	lm994	lm994_MC0005	Ccn1	1048.0	3128.0
s_008um_00397_00127-1	lm994	lm994_MC0005	Ccn1	1016.0	3176.0
s_008um_00399_00134-1	lm994	lm994_MC0005	Ccn1	1072.0	3192.0
s_008um_00394_00130-1	lm994	lm994_MC0005	Ccn1	1040.0	3152.0
s_008um_00403_00118-1	lm994	lm994_MC0005	Ccn1	944.0	3224.0
s_008um_00401_00120-1	lm994	lm994_MC0005	Ccn1	960.0	3208.0
s_008um_00396_00125-1	lm994	lm994_MC0005	Ccn1	1000.0	3168.0
s_008um_00391_00126-1	lm994	lm994_MC0005	Ccn1	1008.0	3128.0
s_008um_00403_00115-1	lm994	lm994_MC0005	Ccn1	920.0	3224.0
s_008um_00387_00128-1	lm994	lm994_MC0005	Ccn1	1024.0	3096.0
s_008um_00403_00110-1	lm994	lm994_MC0005	Ccn1	880.0	3224.0
s_008um_00406_00113-1	lm994	lm994_MC0005	Ccn1	904.0	3248.0
s_008um_00402_00139-1	lm994	lm994_MC0005	Ccn1	1112.0	3216.0
s_008um_00389_00130-1	lm994	lm994_MC0005	Ccn1	1040.0	3112.0
s_008um_00392_00138-1	lm994	lm994_MC0005	Ccn1	1104.0	3136.0
s_008um_00386_00125-1	lm994	lm994_MC0005	Ccn1	1000.0	3088.0
s_008um_00407_00115-1	lm994	lm994_MC0005	Ccn1	920.0	3256.0
s_008um_00393_00135-1	lm994	lm994_MC0005	Ccn1	1080.0	3144.0
s_008um_00399_00117-1	lm994	lm994_MC0005	Ccn1	936.0	3192.0
s_008um_00407_00113-1	lm994	lm994_MC0005	Ccn1	904.0	3256.0
s_008um_00398_00127-1	lm994	lm994_MC0005	Ccn1	1016.0	3184.0
s_008um_00399_00136-1	lm994	lm994_MC0005	Ccn1	1088.0	3192.0
s_008um_00400_00112-1	lm994	lm994_MC0005	Ccn1	896.0	3200.0
s_008um_00408_00112-1	lm994	lm994_MC0005	Ccn1	896.0	3264.0
s_008um_00406_00111-1	lm994	lm994_MC0005	Ccn1	888.0	3248.0
s_008um_00397_00126-1	lm994	lm994_MC0005	Ccn1	1008.0	3176.0
s_008um_00404_00113-1	lm994	lm994_MC0005	Ccn1	904.0	3232.0
s_008um_00395_00123-1	lm994	lm994_MC0005	Ccn1	984.0	3160.0
s_008um_00396_00128-1	lm994	lm994_MC0005	Ccn1	1024.0	3168.0
s_008um_00397_00132-1	lm994	lm994_MC0005	Ccn1	1056.0	3176.0
s_008um_00386_00126-1	lm994	lm994_MC0005	Ccn1	1008.0	3088.0
s_008um_00403_00112-1	lm994	lm994_MC0005	Ccn1	896.0	3224.0
s_008um_00400_00138-1	lm994	lm994_MC0005	Ccn1	1104.0	3200.0
s_008um_00403_00140-1	lm994	lm994_MC0005	Ccn1	1120.0	3224.0
s_008um_00402_00136-1	lm994	lm994_MC0005	Ccn1	1088.0	3216.0
s_008um_00400_00123-1	lm994	lm994_MC0005	Ccn1	984.0	3200.0
s_008um_00401_00136-1	lm994	lm994_MC0005	Ccn1	1088.0	3208.0
s_008um_00403_00123-1	lm994	lm994_MC0005	Ccn1	984.0	3224.0
s_008um_00391_00135-1	lm994	lm994_MC0005	Ccn1	1080.0	3128.0
s_008um_00405_00114-1	lm994	lm994_MC0005	Ccn1	912.0	3240.0
s_008um_00395_00127-1	lm994	lm994_MC0005	Ccn1	1016.0	3160.0
s_008um_00398_00123-1	lm994	lm994_MC0005	Ccn1	984.0	3184.0
s_008um_00400_00121-1	lm994	lm994_MC0005	Ccn1	968.0	3200.0
s_008um_00399_00131-1	lm994	lm994_MC0005	Ccn1	1048.0	3192.0
s_008um_00390_00126-1	lm994	lm994_MC0005	Ccn1	1008.0	3120.0
s_008um_00402_00135-1	lm994	lm994_MC0005	Ccn1	1080.0	3216.0
s_008um_00399_00140-1	lm994	lm994_MC0005	Ccn1	1120.0	3192.0
s_008um_00391_00136-1	lm994	lm994_MC0005	Ccn1	1088.0	3128.0
s_008um_00390_00132-1	lm994	lm994_MC0005	Ccn1	1056.0	3120.0
s_008um_00399_00124-1	lm994	lm994_MC0005	Ccn1	992.0	3192.0
s_008um_00398_00120-1	lm994	lm994_MC0005	Ccn1	960.0	3184.0
s_008um_00388_00138-1	lm994	lm994_MC0005	Ccn1	1104.0	3104.0
s_008um_00401_00124-1	lm994	lm994_MC0005	Ccn1	992.0	3208.0
s_008um_00396_00138-1	lm994	lm994_MC0005	Ccn1	1104.0	3168.0
s_008um_00391_00138-1	lm994	lm994_MC0005	Ccn1	1104.0	3128.0
s_008um_00389_00138-1	lm994	lm994_MC0005	Ccn1	1104.0	3112.0
s_008um_00389_00133-1	lm994	lm994_MC0005	Ccn1	1064.0	3112.0
s_008um_00391_00129-1	lm994	lm994_MC0005	Ccn1	1032.0	3128.0
s_008um_00405_00115-1	lm994	lm994_MC0005	Ccn1	920.0	3240.0
s_008um_00390_00135-1	lm994	lm994_MC0005	Ccn1	1080.0	3120.0
s_008um_00396_00136-1	lm994	lm994_MC0005	Ccn1	1088.0	3168.0
s_008um_00399_00126-1	lm994	lm994_MC0005	Ccn1	1008.0	3192.0
s_008um_00395_00138-1	lm994	lm994_MC0005	Ccn1	1104.0	3160.0
s_008um_00401_00138-1	lm994	lm994_MC0005	Ccn1	1104.0	3208.0
s_008um_00392_00141-1	lm994	lm994_MC0005	Ccn1	1128.0	3136.0
s_008um_00396_00127-1	lm994	lm994_MC0005	Ccn1	1016.0	3168.0
s_008um_00404_00114-1	lm994	lm994_MC0005	Ccn1	912.0	3232.0
s_008um_00405_00112-1	lm994	lm994_MC0005	Ccn1	896.0	3240.0
s_008um_00392_00127-1	lm994	lm994_MC0005	Ccn1	1016.0	3136.0
s_008um_00394_00127-1	lm994	lm994_MC0005	Ccn1	1016.0	3152.0
s_008um_00387_00135-1	lm994	lm994_MC0005	Ccn1	1080.0	3096.0
s_008um_00401_00122-1	lm994	lm994_MC0005	Ccn1	976.0	3208.0
s_008um_00388_00127-1	lm994	lm994_MC0005	Ccn1	1016.0	3104.0
s_008um_00400_00118-1	lm994	lm994_MC0005	Ccn1	944.0	3200.0
s_008um_00404_00115-1	lm994	lm994_MC0005	Ccn1	920.0	3232.0
s_008um_00402_00121-1	lm994	lm994_MC0005	Ccn1	968.0	3216.0
s_008um_00400_00128-1	lm994	lm994_MC0005	Ccn1	1024.0	3200.0
s_008um_00410_00117-1	lm994	lm994_MC0005	Ccn1	936.0	3280.0
s_008um_00389_00125-1	lm994	lm994_MC0005	Ccn1	1000.0	3112.0
s_008um_00398_00135-1	lm994	lm994_MC0005	Ccn1	1080.0	3184.0
s_008um_00406_00115-1	lm994	lm994_MC0005	Ccn1	920.0	3248.0
s_008um_00396_00133-1	lm994	lm994_MC0005	Ccn1	1064.0	3168.0
s_008um_00405_00116-1	lm994	lm994_MC0005	Ccn1	928.0	3240.0
s_008um_00396_00132-1	lm994	lm994_MC0005	Ccn1	1056.0	3168.0
s_008um_00393_00138-1	lm994	lm994_MC0005	Ccn1	1104.0	3144.0
s_008um_00407_00112-1	lm994	lm994_MC0005	Ccn1	896.0	3256.0
s_008um_00402_00133-1	lm994	lm994_MC0005	Ccn1	1064.0	3216.0
s_008um_00391_00130-1	lm994	lm994_MC0005	Ccn1	1040.0	3128.0
s_008um_00392_00126-1	lm994	lm994_MC0005	Ccn1	1008.0	3136.0
s_008um_00402_00118-1	lm994	lm994_MC0005	Ccn1	944.0	3216.0
s_008um_00389_00127-1	lm994	lm994_MC0005	Ccn1	1016.0	3112.0
s_008um_00408_00117-1	lm994	lm994_MC0005	Ccn1	936.0	3264.0
s_008um_00400_00126-1	lm994	lm994_MC0005	Ccn1	1008.0	3200.0
s_008um_00398_00124-1	lm994	lm994_MC0005	Ccn1	992.0	3184.0
s_008um_00395_00136-1	lm994	lm994_MC0005	Ccn1	1088.0	3160.0
s_008um_00396_00131-1	lm994	lm994_MC0005	Ccn1	1048.0	3168.0
s_008um_00387_00134-1	lm994	lm994_MC0005	Ccn1	1072.0	3096.0
s_008um_00394_00137-1	lm994	lm994_MC0005	Ccn1	1096.0	3152.0
s_008um_00406_00118-1	lm994	lm994_MC0005	Ccn1	944.0	3248.0
s_008um_00409_00118-1	lm994	lm994_MC0005	Ccn1	944.0	3272.0
s_008um_00391_00137-1	lm994	lm994_MC0005	Ccn1	1096.0	3128.0
s_008um_00391_00139-1	lm994	lm994_MC0005	Ccn1	1112.0	3128.0
s_008um_00397_00129-1	lm994	lm994_MC0005	Ccn1	1032.0	3176.0
s_008um_00387_00129-1	lm994	lm994_MC0005	Ccn1	1032.0	3096.0
s_008um_00401_00123-1	lm994	lm994_MC0005	Ccn1	984.0	3208.0
s_008um_00397_00130-1	lm994	lm994_MC0005	Ccn1	1040.0	3176.0
s_008um_00402_00116-1	lm994	lm994_MC0005	Ccn1	928.0	3216.0
s_008um_00405_00119-1	lm994	lm994_MC0005	Ccn1	952.0	3240.0
s_008um_00405_00111-1	lm994	lm994_MC0005	Ccn1	888.0	3240.0
s_008um_00402_00134-1	lm994	lm994_MC0005	Ccn1	1072.0	3216.0
s_008um_00404_00112-1	lm994	lm994_MC0005	Ccn1	896.0	3232.0
s_008um_00390_00136-1	lm994	lm994_MC0005	Ccn1	1088.0	3120.0
s_008um_00391_00141-1	lm994	lm994_MC0005	Ccn1	1128.0	3128.0
s_008um_00400_00120-1	lm994	lm994_MC0005	Ccn1	960.0	3200.0
s_008um_00417_00119-1	lm994	lm994_MC0006	Ccn1	952.0	3336.0
s_008um_00412_00117-1	lm994	lm994_MC0006	Ccn1	936.0	3296.0
s_008um_00414_00113-1	lm994	lm994_MC0006	Ccn1	904.0	3312.0
s_008um_00413_00114-1	lm994	lm994_MC0006	Ccn1	912.0	3304.0
s_008um_00416_00117-1	lm994	lm994_MC0006	Ccn1	936.0	3328.0
s_008um_00416_00119-1	lm994	lm994_MC0006	Ccn1	952.0	3328.0
s_008um_00412_00113-1	lm994	lm994_MC0006	Ccn1	904.0	3296.0
s_008um_00416_00122-1	lm994	lm994_MC0006	Ccn1	976.0	3328.0
s_008um_00414_00118-1	lm994	lm994_MC0006	Ccn1	944.0	3312.0
s_008um_00412_00121-1	lm994	lm994_MC0006	Ccn1	968.0	3296.0
s_008um_00414_00117-1	lm994	lm994_MC0006	Ccn1	936.0	3312.0
s_008um_00413_00113-1	lm994	lm994_MC0006	Ccn1	904.0	3304.0
s_008um_00411_00115-1	lm994	lm994_MC0006	Ccn1	920.0	3288.0
s_008um_00414_00112-1	lm994	lm994_MC0006	Ccn1	896.0	3312.0
s_008um_00414_00119-1	lm994	lm994_MC0006	Ccn1	952.0	3312.0
s_008um_00413_00117-1	lm994	lm994_MC0006	Ccn1	936.0	3304.0
s_008um_00413_00118-1	lm994	lm994_MC0006	Ccn1	944.0	3304.0
s_008um_00415_00113-1	lm994	lm994_MC0006	Ccn1	904.0	3320.0
s_008um_00417_00117-1	lm994	lm994_MC0006	Ccn1	936.0	3336.0
s_008um_00415_00114-1	lm994	lm994_MC0006	Ccn1	912.0	3320.0
s_008um_00436_00143-1	lm994	lm994_MC0007	Ccn1	1144.0	3488.0
s_008um_00431_00144-1	lm994	lm994_MC0007	Ccn1	1152.0	3448.0
s_008um_00434_00147-1	lm994	lm994_MC0007	Ccn1	1176.0	3472.0
s_008um_00437_00145-1	lm994	lm994_MC0007	Ccn1	1160.0	3496.0
s_008um_00437_00147-1	lm994	lm994_MC0007	Ccn1	1176.0	3496.0
s_008um_00433_00143-1	lm994	lm994_MC0007	Ccn1	1144.0	3464.0
s_008um_00436_00146-1	lm994	lm994_MC0007	Ccn1	1168.0	3488.0
s_008um_00433_00146-1	lm994	lm994_MC0007	Ccn1	1168.0	3464.0
s_008um_00434_00149-1	lm994	lm994_MC0007	Ccn1	1192.0	3472.0
s_008um_00435_00142-1	lm994	lm994_MC0007	Ccn1	1136.0	3480.0
s_008um_00431_00142-1	lm994	lm994_MC0007	Ccn1	1136.0	3448.0
s_008um_00430_00143-1	lm994	lm994_MC0007	Ccn1	1144.0	3440.0
s_008um_00434_00144-1	lm994	lm994_MC0007	Ccn1	1152.0	3472.0
s_008um_00435_00146-1	lm994	lm994_MC0007	Ccn1	1168.0	3480.0
s_008um_00435_00149-1	lm994	lm994_MC0007	Ccn1	1192.0	3480.0
s_008um_00434_00139-1	lm994	lm994_MC0007	Ccn1	1112.0	3472.0
s_008um_00434_00143-1	lm994	lm994_MC0007	Ccn1	1144.0	3472.0
s_008um_00433_00142-1	lm994	lm994_MC0007	Ccn1	1136.0	3464.0
s_008um_00434_00141-1	lm994	lm994_MC0007	Ccn1	1128.0	3472.0
s_008um_00385_00113-1	lm994	lm994_MC0008	Ccn1	904.0	3080.0
s_008um_00384_00113-1	lm994	lm994_MC0008	Ccn1	904.0	3072.0
s_008um_00385_00119-1	lm994	lm994_MC0008	Ccn1	952.0	3080.0
s_008um_00384_00117-1	lm994	lm994_MC0008	Ccn1	936.0	3072.0
s_008um_00380_00121-1	lm994	lm994_MC0008	Ccn1	968.0	3040.0
s_008um_00386_00120-1	lm994	lm994_MC0008	Ccn1	960.0	3088.0
s_008um_00381_00123-1	lm994	lm994_MC0008	Ccn1	984.0	3048.0
s_008um_00386_00116-1	lm994	lm994_MC0008	Ccn1	928.0	3088.0
s_008um_00383_00117-1	lm994	lm994_MC0008	Ccn1	936.0	3064.0
s_008um_00388_00119-1	lm994	lm994_MC0008	Ccn1	952.0	3104.0
s_008um_00381_00120-1	lm994	lm994_MC0008	Ccn1	960.0	3048.0
s_008um_00388_00112-1	lm994	lm994_MC0008	Ccn1	896.0	3104.0
s_008um_00387_00118-1	lm994	lm994_MC0008	Ccn1	944.0	3096.0
s_008um_00383_00120-1	lm994	lm994_MC0008	Ccn1	960.0	3064.0
s_008um_00385_00116-1	lm994	lm994_MC0008	Ccn1	928.0	3080.0
s_008um_00383_00121-1	lm994	lm994_MC0008	Ccn1	968.0	3064.0
s_008um_00387_00113-1	lm994	lm994_MC0008	Ccn1	904.0	3096.0
s_008um_00386_00119-1	lm994	lm994_MC0008	Ccn1	952.0	3088.0
s_008um_00388_00120-1	lm994	lm994_MC0008	Ccn1	960.0	3104.0
s_008um_00386_00114-1	lm994	lm994_MC0008	Ccn1	912.0	3088.0
s_008um_00388_00118-1	lm994	lm994_MC0008	Ccn1	944.0	3104.0
s_008um_00389_00114-1	lm994	lm994_MC0008	Ccn1	912.0	3112.0
s_008um_00384_00119-1	lm994	lm994_MC0008	Ccn1	952.0	3072.0
s_008um_00384_00121-1	lm994	lm994_MC0008	Ccn1	968.0	3072.0
s_008um_00411_00118-1	lm994	lm994_MC0006	Ccn1	944.0	3288.0
s_008um_00415_00123-1	lm994	lm994_MC0006	Ccn1	984.0	3320.0
s_008um_00385_00124-1	lm994	lm994_MC0005	Ccn1	992.0	3080.0
s_008um_00415_00111-1	lm994	lm994_MC0006	Ccn1	888.0	3320.0
s_008um_00390_00118-1	lm994	lm994_MC0008	Ccn1	944.0	3120.0
s_008um_00386_00131-1	lm994	lm994_MC0005	Ccn1	1048.0	3088.0
s_008um_00389_00128-1	lm994	lm994_MC0005	Ccn1	1024.0	3112.0
s_008um_00385_00137-1	lm994	lm994_MC0005	Ccn1	1096.0	3080.0
s_008um_00388_00124-1	lm994	lm994_MC0005	Ccn1	992.0	3104.0
s_008um_00387_00140-1	lm994	lm994_MC0005	Ccn1	1120.0	3096.0
s_008um_00392_00125-1	lm994	lm994_MC0005	Ccn1	1000.0	3136.0
s_008um_00388_00116-1	lm994	lm994_MC0008	Ccn1	928.0	3104.0
s_008um_00419_00139-1	lm994	lm994_MC0004	Ccn1	1112.0	3352.0
s_008um_00388_00128-1	lm994	lm994_MC0005	Ccn1	1024.0	3104.0
s_008um_00411_00122-1	lm994	lm994_MC0006	Ccn1	976.0	3288.0
s_008um_00387_00137-1	lm994	lm994_MC0005	Ccn1	1096.0	3096.0
s_008um_00382_00114-1	lm994	lm994_MC0008	Ccn1	912.0	3056.0
s_008um_00387_00125-1	lm994	lm994_MC0005	Ccn1	1000.0	3096.0
s_008um_00403_00137-1	lm994	lm994_MC0005	Ccn1	1096.0	3224.0
s_008um_00389_00142-1	lm994	lm994_MC0005	Ccn1	1136.0	3112.0
s_008um_00397_00125-1	lm994	lm994_MC0005	Ccn1	1000.0	3176.0
s_008um_00413_00148-1	lm994	lm994_MC0004	Ccn1	1184.0	3304.0
s_008um_00392_00129-1	lm994	lm994_MC0005	Ccn1	1032.0	3136.0
s_008um_00406_00116-1	lm994	lm994_MC0005	Ccn1	928.0	3248.0
s_008um_00424_00143-1	lm994	lm994_MC0004	Ccn1	1144.0	3392.0
s_008um_00378_00122-1	lm994	lm994_MC0008	Ccn1	976.0	3024.0
s_008um_00432_00137-1	lm994	lm994_MC0007	Ccn1	1096.0	3456.0
s_008um_00385_00117-1	lm994	lm994_MC0008	Ccn1	936.0	3080.0
s_008um_00403_00113-1	lm994	lm994_MC0005	Ccn1	904.0	3224.0
s_008um_00399_00133-1	lm994	lm994_MC0005	Ccn1	1064.0	3192.0
s_008um_00396_00126-1	lm994	lm994_MC0005	Ccn1	1008.0	3168.0
s_008um_00393_00123-1	lm994	lm994_MC0005	Ccn1	984.0	3144.0
s_008um_00411_00119-1	lm994	lm994_MC0006	Ccn1	952.0	3288.0
s_008um_00403_00111-1	lm994	lm994_MC0005	Ccn1	888.0	3224.0
s_008um_00417_00118-1	lm994	lm994_MC0006	Ccn1	944.0	3336.0
s_008um_00388_00137-1	lm994	lm994_MC0005	Ccn1	1096.0	3104.0
s_008um_00387_00120-1	lm994	lm994_MC0008	Ccn1	960.0	3096.0
s_008um_00415_00112-1	lm994	lm994_MC0006	Ccn1	896.0	3320.0
s_008um_00409_00113-1	lm994	lm994_MC0005	Ccn1	904.0	3272.0
s_008um_00404_00111-1	lm994	lm994_MC0005	Ccn1	888.0	3232.0
s_008um_00409_00121-1	lm994	lm994_MC0006	Ccn1	968.0	3272.0
s_008um_00397_00131-1	lm994	lm994_MC0005	Ccn1	1048.0	3176.0
s_008um_00413_00145-1	lm994	lm994_MC0004	Ccn1	1160.0	3304.0
s_008um_00425_00141-1	lm994	lm994_MC0004	Ccn1	1128.0	3400.0
s_008um_00418_00147-1	lm994	lm994_MC0004	Ccn1	1176.0	3344.0
s_008um_00436_00148-1	lm994	lm994_MC0007	Ccn1	1184.0	3488.0
s_008um_00399_00119-1	lm994	lm994_MC0005	Ccn1	952.0	3192.0
s_008um_00399_00125-1	lm994	lm994_MC0005	Ccn1	1000.0	3192.0
s_008um_00392_00130-1	lm994	lm994_MC0005	Ccn1	1040.0	3136.0
s_008um_00382_00113-1	lm994	lm994_MC0008	Ccn1	904.0	3056.0
s_008um_00400_00130-1	lm994	lm994_MC0005	Ccn1	1040.0	3200.0
s_008um_00395_00140-1	lm994	lm994_MC0005	Ccn1	1120.0	3160.0
s_008um_00399_00122-1	lm994	lm994_MC0005	Ccn1	976.0	3192.0
s_008um_00398_00134-1	lm994	lm994_MC0005	Ccn1	1072.0	3184.0
s_008um_00401_00140-1	lm994	lm994_MC0005	Ccn1	1120.0	3208.0
s_008um_00387_00122-1	lm994	lm994_MC0008	Ccn1	976.0	3096.0
s_008um_00428_00149-1	lm994	lm994_MC0004	Ccn1	1192.0	3424.0
s_008um_00390_00125-1	lm994	lm994_MC0005	Ccn1	1000.0	3120.0
s_008um_00413_00115-1	lm994	lm994_MC0006	Ccn1	920.0	3304.0
s_008um_00399_00123-1	lm994	lm994_MC0005	Ccn1	984.0	3192.0
s_008um_00390_00113-1	lm994	lm994_MC0008	Ccn1	904.0	3120.0
s_008um_00407_00114-1	lm994	lm994_MC0005	Ccn1	912.0	3256.0
s_008um_00393_00133-1	lm994	lm994_MC0005	Ccn1	1064.0	3144.0
s_008um_00399_00112-1	lm994	lm994_MC0005	Ccn1	896.0	3192.0
s_008um_00384_00122-1	lm994	lm994_MC0008	Ccn1	976.0	3072.0
s_008um_00383_00112-1	lm994	lm994_MC0008	Ccn1	896.0	3064.0
s_008um_00389_00124-1	lm994	lm994_MC0005	Ccn1	992.0	3112.0
s_008um_00397_00112-1	lm994	lm994_MC0005	Ccn1	896.0	3176.0
s_008um_00381_00121-1	lm994	lm994_MC0008	Ccn1	968.0	3048.0
s_008um_00388_00140-1	lm994	lm994_MC0005	Ccn1	1120.0	3104.0
s_008um_00408_00115-1	lm994	lm994_MC0005	Ccn1	920.0	3264.0
s_008um_00416_00146-1	lm994	lm994_MC0004	Ccn1	1168.0	3328.0
s_008um_00380_00125-1	lm994	lm994_MC0008	Ccn1	1000.0	3040.0
s_008um_00394_00132-1	lm994	lm994_MC0005	Ccn1	1056.0	3152.0
s_008um_00403_00143-1	lm994	lm994_MC0005	Ccn1	1144.0	3224.0
s_008um_00386_00135-1	lm994	lm994_MC0005	Ccn1	1080.0	3088.0
s_008um_00410_00113-1	lm994	lm994_MC0006	Ccn1	904.0	3280.0
s_008um_00398_00136-1	lm994	lm994_MC0005	Ccn1	1088.0	3184.0
s_008um_00389_00117-1	lm994	lm994_MC0008	Ccn1	936.0	3112.0
s_008um_00396_00117-1	lm994	lm994_MC0005	Ccn1	936.0	3168.0
s_008um_00435_00150-1	lm994	lm994_MC0007	Ccn1	1200.0	3480.0
s_008um_00416_00150-1	lm994	lm994_MC0004	Ccn1	1200.0	3328.0
s_008um_00404_00124-1	lm994	lm994_MC0005	Ccn1	992.0	3232.0
s_008um_00398_00125-1	lm994	lm994_MC0005	Ccn1	1000.0	3184.0
s_008um_00429_00148-1	lm994	lm994_MC0004	Ccn1	1184.0	3432.0
s_008um_00409_00115-1	lm994	lm994_MC0006	Ccn1	920.0	3272.0
s_008um_00411_00112-1	lm994	lm994_MC0006	Ccn1	896.0	3288.0
s_008um_00387_00117-1	lm994	lm994_MC0008	Ccn1	936.0	3096.0
s_008um_00398_00132-1	lm994	lm994_MC0005	Ccn1	1056.0	3184.0
s_008um_00384_00116-1	lm994	lm994_MC0008	Ccn1	928.0	3072.0
s_008um_00397_00117-1	lm994	lm994_MC0005	Ccn1	936.0	3176.0
s_008um_00404_00116-1	lm994	lm994_MC0005	Ccn1	928.0	3232.0
s_008um_00418_00114-1	lm994	lm994_MC0006	Ccn1	912.0	3344.0
s_008um_00413_00147-1	lm994	lm994_MC0004	Ccn1	1176.0	3304.0
s_008um_00385_00131-1	lm994	lm994_MC0005	Ccn1	1048.0	3080.0
s_008um_00402_00113-1	lm994	lm994_MC0005	Ccn1	904.0	3216.0
s_008um_00437_00141-1	lm994	lm994_MC0007	Ccn1	1128.0	3496.0
s_008um_00418_00117-1	lm994	lm994_MC0006	Ccn1	936.0	3344.0
s_008um_00398_00142-1	lm994	lm994_MC0005	Ccn1	1136.0	3184.0
s_008um_00401_00114-1	lm994	lm994_MC0005	Ccn1	912.0	3208.0
s_008um_00399_00129-1	lm994	lm994_MC0005	Ccn1	1032.0	3192.0
s_008um_00415_00144-1	lm994	lm994_MC0004	Ccn1	1152.0	3320.0
s_008um_00389_00126-1	lm994	lm994_MC0005	Ccn1	1008.0	3112.0
s_008um_00423_00146-1	lm994	lm994_MC0004	Ccn1	1168.0	3384.0
s_008um_00398_00112-1	lm994	lm994_MC0005	Ccn1	896.0	3184.0
s_008um_00393_00142-1	lm994	lm994_MC0005	Ccn1	1136.0	3144.0
s_008um_00399_00115-1	lm994	lm994_MC0005	Ccn1	920.0	3192.0
s_008um_00400_00142-1	lm994	lm994_MC0005	Ccn1	1136.0	3200.0
s_008um_00408_00113-1	lm994	lm994_MC0005	Ccn1	904.0	3264.0
s_008um_00385_00125-1	lm994	lm994_MC0005	Ccn1	1000.0	3080.0
s_008um_00408_00116-1	lm994	lm994_MC0005	Ccn1	928.0	3264.0
s_008um_00436_00149-1	lm994	lm994_MC0007	Ccn1	1192.0	3488.0
s_008um_00397_00135-1	lm994	lm994_MC0005	Ccn1	1080.0	3176.0
s_008um_00417_00142-1	lm994	lm994_MC0004	Ccn1	1136.0	3336.0
s_008um_00401_00133-1	lm994	lm994_MC0005	Ccn1	1064.0	3208.0
s_008um_00398_00113-1	lm994	lm994_MC0005	Ccn1	904.0	3184.0
s_008um_00384_00112-1	lm994	lm994_MC0008	Ccn1	896.0	3072.0
s_008um_00390_00133-1	lm994	lm994_MC0005	Ccn1	1064.0	3120.0
s_008um_00414_00114-1	lm994	lm994_MC0006	Ccn1	912.0	3312.0
s_008um_00391_00144-1	lm994	lm994_MC0005	Ccn1	1152.0	3128.0
s_008um_00400_00122-1	lm994	lm994_MC0005	Ccn1	976.0	3200.0
s_008um_00403_00131-1	lm994	lm994_MC0005	Ccn1	1048.0	3224.0
s_008um_00400_00124-1	lm994	lm994_MC0005	Ccn1	992.0	3200.0
s_008um_00410_00119-1	lm994	lm994_MC0005	Ccn1	952.0	3280.0
s_008um_00418_00124-1	lm994	lm994_MC0006	Ccn1	992.0	3344.0
s_008um_00379_00125-1	lm994	lm994_MC0008	Ccn1	1000.0	3032.0
s_008um_00416_00144-1	lm994	lm994_MC0004	Ccn1	1152.0	3328.0
s_008um_00385_00115-1	lm994	lm994_MC0008	Ccn1	920.0	3080.0
s_008um_00388_00136-1	lm994	lm994_MC0005	Ccn1	1088.0	3104.0
s_008um_00391_00119-1	lm994	lm994_MC0008	Ccn1	952.0	3128.0
s_008um_00387_00121-1	lm994	lm994_MC0008	Ccn1	968.0	3096.0
s_008um_00412_00111-1	lm994	lm994_MC0006	Ccn1	888.0	3296.0
s_008um_00400_00119-1	lm994	lm994_MC0005	Ccn1	952.0	3200.0
s_008um_00418_00116-1	lm994	lm994_MC0006	Ccn1	928.0	3344.0
s_008um_00411_00116-1	lm994	lm994_MC0006	Ccn1	928.0	3288.0
s_008um_00403_00135-1	lm994	lm994_MC0005	Ccn1	1080.0	3224.0
s_008um_00405_00109-1	lm994	lm994_MC0005	Ccn1	872.0	3240.0
s_008um_00412_00124-1	lm994	lm994_MC0006	Ccn1	992.0	3296.0
s_008um_00417_00141-1	lm994	lm994_MC0004	Ccn1	1128.0	3336.0
s_008um_00412_00119-1	lm994	lm994_MC0006	Ccn1	952.0	3296.0
s_008um_00421_00143-1	lm994	lm994_MC0004	Ccn1	1144.0	3368.0
s_008um_00416_00143-1	lm994	lm994_MC0004	Ccn1	1144.0	3328.0
s_008um_00391_00112-1	lm994	lm994_MC0008	Ccn1	896.0	3128.0
s_008um_00393_00122-1	lm994	lm994_MC0005	Ccn1	976.0	3144.0
s_008um_00413_00119-1	lm994	lm994_MC0006	Ccn1	952.0	3304.0
s_008um_00406_00110-1	lm994	lm994_MC0005	Ccn1	880.0	3248.0
s_008um_00418_00115-1	lm994	lm994_MC0006	Ccn1	920.0	3344.0
s_008um_00407_00120-1	lm994	lm994_MC0005	Ccn1	960.0	3256.0
s_008um_00412_00114-1	lm994	lm994_MC0006	Ccn1	912.0	3296.0
s_008um_00401_00128-1	lm994	lm994_MC0005	Ccn1	1024.0	3208.0
s_008um_00401_00112-1	lm994	lm994_MC0005	Ccn1	896.0	3208.0
s_008um_00414_00120-1	lm994	lm994_MC0006	Ccn1	960.0	3312.0
s_008um_00402_00114-1	lm994	lm994_MC0005	Ccn1	912.0	3216.0
s_008um_00385_00122-1	lm994	lm994_MC0008	Ccn1	976.0	3080.0
s_008um_00396_00120-1	lm994	lm994_MC0005	Ccn1	960.0	3168.0
s_008um_00405_00140-1	lm994	lm994_MC0005	Ccn1	1120.0	3240.0
s_008um_00412_00122-1	lm994	lm994_MC0006	Ccn1	976.0	3296.0
s_008um_00395_00121-1	lm994	lm994_MC0005	Ccn1	968.0	3160.0
s_008um_00398_00129-1	lm994	lm994_MC0005	Ccn1	1032.0	3184.0
s_008um_00407_00118-1	lm994	lm994_MC0005	Ccn1	944.0	3256.0
s_008um_00415_00121-1	lm994	lm994_MC0006	Ccn1	968.0	3320.0
s_008um_00415_00115-1	lm994	lm994_MC0006	Ccn1	920.0	3320.0
s_008um_00381_00116-1	lm994	lm994_MC0008	Ccn1	928.0	3048.0
s_008um_00418_00141-1	lm994	lm994_MC0004	Ccn1	1128.0	3344.0
s_008um_00390_00142-1	lm994	lm994_MC0005	Ccn1	1136.0	3120.0
s_008um_00398_00122-1	lm994	lm994_MC0005	Ccn1	976.0	3184.0
s_008um_00398_00110-1	lm994	lm994_MC0005	Ccn1	880.0	3184.0
s_008um_00388_00121-1	lm994	lm994_MC0008	Ccn1	968.0	3104.0
s_008um_00397_00138-1	lm994	lm994_MC0005	Ccn1	1104.0	3176.0
s_008um_00389_00123-1	lm994	lm994_MC0005	Ccn1	984.0	3112.0
s_008um_00388_00130-1	lm994	lm994_MC0005	Ccn1	1040.0	3104.0
s_008um_00404_00131-1	lm994	lm994_MC0005	Ccn1	1048.0	3232.0
s_008um_00386_00121-1	lm994	lm994_MC0008	Ccn1	968.0	3088.0
s_008um_00382_00122-1	lm994	lm994_MC0008	Ccn1	976.0	3056.0
s_008um_00389_00129-1	lm994	lm994_MC0005	Ccn1	1032.0	3112.0
s_008um_00414_00115-1	lm994	lm994_MC0006	Ccn1	920.0	3312.0
s_008um_00417_00123-1	lm994	lm994_MC0006	Ccn1	984.0	3336.0
s_008um_00402_00126-1	lm994	lm994_MC0005	Ccn1	1008.0	3216.0
s_008um_00397_00141-1	lm994	lm994_MC0005	Ccn1	1128.0	3176.0
s_008um_00387_00130-1	lm994	lm994_MC0005	Ccn1	1040.0	3096.0
s_008um_00404_00120-1	lm994	lm994_MC0005	Ccn1	960.0	3232.0
s_008um_00406_00140-1	lm994	lm994_MC0005	Ccn1	1120.0	3248.0
s_008um_00389_00113-1	lm994	lm994_MC0008	Ccn1	904.0	3112.0
s_008um_00387_00123-1	lm994	lm994_MC0005	Ccn1	984.0	3096.0
s_008um_00384_00115-1	lm994	lm994_MC0008	Ccn1	920.0	3072.0
s_008um_00429_00151-1	lm994	lm994_MC0004	Ccn1	1208.0	3432.0
s_008um_00402_00142-1	lm994	lm994_MC0005	Ccn1	1136.0	3216.0
s_008um_00416_00116-1	lm994	lm994_MC0006	Ccn1	928.0	3328.0
s_008um_00437_00144-1	lm994	lm994_MC0007	Ccn1	1152.0	3496.0
s_008um_00418_00118-1	lm994	lm994_MC0006	Ccn1	944.0	3344.0
s_008um_00393_00121-1	lm994	lm994_MC0005	Ccn1	968.0	3144.0
s_008um_00407_00119-1	lm994	lm994_MC0005	Ccn1	952.0	3256.0
s_008um_00402_00141-1	lm994	lm994_MC0005	Ccn1	1128.0	3216.0
s_008um_00407_00111-1	lm994	lm994_MC0005	Ccn1	888.0	3256.0
s_008um_00403_00141-1	lm994	lm994_MC0005	Ccn1	1128.0	3224.0
s_008um_00409_00112-1	lm994	lm994_MC0005	Ccn1	896.0	3272.0
s_008um_00408_00114-1	lm994	lm994_MC0005	Ccn1	912.0	3264.0
s_008um_00383_00111-1	lm994	lm994_MC0008	Ccn1	888.0	3064.0
s_008um_00420_00139-1	lm994	lm994_MC0004	Ccn1	1112.0	3360.0
s_008um_00386_00124-1	lm994	lm994_MC0005	Ccn1	992.0	3088.0
s_008um_00384_00126-1	lm994	lm994_MC0005	Ccn1	1008.0	3072.0
s_008um_00390_00129-1	lm994	lm994_MC0005	Ccn1	1032.0	3120.0
s_008um_00399_00121-1	lm994	lm994_MC0005	Ccn1	968.0	3192.0
s_008um_00411_00121-1	lm994	lm994_MC0006	Ccn1	968.0	3288.0
s_008um_00397_00124-1	lm994	lm994_MC0005	Ccn1	992.0	3176.0
s_008um_00402_00123-1	lm994	lm994_MC0005	Ccn1	984.0	3216.0
s_008um_00390_00112-1	lm994	lm994_MC0008	Ccn1	896.0	3120.0
s_008um_00382_00111-1	lm994	lm994_MC0008	Ccn1	888.0	3056.0
s_008um_00396_00119-1	lm994	lm994_MC0005	Ccn1	952.0	3168.0
s_008um_00413_00112-1	lm994	lm994_MC0006	Ccn1	896.0	3304.0
s_008um_00384_00111-1	lm994	lm994_MC0008	Ccn1	888.0	3072.0
s_008um_00383_00113-1	lm994	lm994_MC0008	Ccn1	904.0	3064.0
s_008um_00385_00133-1	lm994	lm994_MC0005	Ccn1	1064.0	3080.0
s_008um_00419_00122-1	lm994	lm994_MC0006	Ccn1	976.0	3352.0
s_008um_00396_00124-1	lm994	lm994_MC0005	Ccn1	992.0	3168.0
s_008um_00390_00114-1	lm994	lm994_MC0008	Ccn1	912.0	3120.0
s_008um_00401_00110-1	lm994	lm994_MC0005	Ccn1	880.0	3208.0
s_008um_00388_00123-1	lm994	lm994_MC0005	Ccn1	984.0	3104.0
s_008um_00402_00138-1	lm994	lm994_MC0005	Ccn1	1104.0	3216.0
