day	guide	inner_buffer	response	response_kind	target_cell_type	block_size	sample_1_patches	sample_2_patches	effect	ci_low	ci_high	permutation_p	replicate_direction_consistency	sample_effect_min	sample_effect_max	spatial_blocks	global_fdr
7	sgGata3	20.0	cytotoxicity	state	T+NK	200.0	31	27	0.03120892747275291	-0.034795171005613516	0.10286099481270639	0.416	0.5	-0.04338716955915574	0.10580502450466156	58	
7	sgGata3	20.0	exhaustion	state	T+NK	200.0	31	27	-0.021703937272301993	-0.046920812737128254	0.005526981361598635	0.089	1.0	-0.03528920549058145	-0.008118669054022542	58	
7	sgGata3	20.0	fraction_DC	composition	DC	200.0	31	27	-0.005165520805328417	-0.014130884576169076	0.004441259415344634	0.299	1.0	-0.007391005999554078	-0.0029400356111027553	58	
7	sgGata3	20.0	fraction_Endothelial	composition	Endothelial	200.0	31	27	0.007423619087624931	0.0009202378847023934	0.0144584658099874	0.038	1.0	0.0038941828957913586	0.010953055279458503	58	
7	sgGata3	20.0	fraction_Fibroblast	composition	Fibroblast	200.0	31	27	0.005670802915518304	-0.010867428780811997	0.02155746038348456	0.509	0.5	-0.0011721329604860511	0.01251373879152266	58	
7	sgGata3	20.0	fraction_Macrophages	composition	Macrophages	200.0	31	27	-0.010080680416115852	-0.03904985268028229	0.02187042088127685	0.556	1.0	-0.018403220172634793	-0.0017581406595969106	58	
7	sgGata3	20.0	fraction_Malignant	composition	Malignant	200.0	31	27	0.005315512389610562	-0.013904957303328584	0.023375728889247063	0.577	0.5	-0.0022374005084683513	0.012868425287689476	58	
7	sgGata3	20.0	fraction_NK	composition	NK	200.0	31	27	0.004049394533211012	-0.0017084922764809155	0.010408769750845225	0.215	1.0	0.003305148445540576	0.004793640620881449	58	
7	sgGata3	20.0	fraction_T	composition	T	200.0	31	27	-0.011991032855156653	-0.03049512152054704	0.007160002151892708	0.25	1.0	-0.017271531391140182	-0.006710534319173123	58	
7	sgGata3	20.0	hypoxia	state	Malignant	200.0	31	27	-0.014655678511876501	-0.06267027914476232	0.03310537748956735	0.587	0.5	-0.03051154111181536	0.001200184088062357	58	
7	sgGata3	20.0	ifn_response	state	Malignant	200.0	31	27	0.022866217610888015	-0.025510235807525712	0.08594373244655354	0.408	1.0	0.013395675630481154	0.032336759591294874	58	
7	sgGata3	20.0	macrophage_inflammatory	state	Macrophages	200.0	31	27	-0.010710031132958162	-0.04249717038829411	0.023674567740673693	0.538	1.0	-0.02060614045589201	-0.0008139218100243144	58	
7	sgGata3	20.0	macrophage_spp1_trem2	state	Macrophages	200.0	31	27	-0.0237575465882266	-0.08080839829646239	0.03138022649913063	0.45	1.0	-0.03431525716075191	-0.013199836015701294	58	
7	sgGata3	20.0	tgfb_ecm	state	Fibroblast	200.0	28	25	-0.05289473493184362	-0.18856904780438968	0.06108356949979705	0.434	0.5	-0.19510560163429805	0.0893161317706108	53	
7	sgGata3	40.0	cytotoxicity	state	T+NK	200.0	31	27	0.05337391992231993	-0.016056282887638076	0.1333733706600439	0.178	1.0	0.0007078789414898042	0.10603996090315006	58	
7	sgGata3	40.0	exhaustion	state	T+NK	200.0	31	27	-0.025315417702284196	-0.05138104359822108	0.003397432142373997	0.079	1.0	-0.04630295139166617	-0.004327884012902224	58	
7	sgGata3	40.0	fraction_DC	composition	DC	200.0	31	27	-0.0024924708959461594	-0.013187693240025177	0.00859584461001026	0.627	0.5	-0.005712930066367839	0.0007279882744755203	58	
7	sgGata3	40.0	fraction_Endothelial	composition	Endothelial	200.0	31	27	0.005097568254134738	-0.0018083268268125447	0.012595357306706297	0.185	0.5	-0.0004200439959549125	0.010615180504224388	58	
7	sgGata3	40.0	fraction_Fibroblast	composition	Fibroblast	200.0	31	27	0.010267553619107025	-0.005553503539062468	0.025991871963953046	0.268	1.0	0.01016170843399312	0.010373398804220932	58	
7	sgGata3	40.0	fraction_Macrophages	composition	Macrophages	200.0	31	27	-0.009564997222110884	-0.042147166562812	0.027350241567506862	0.587	0.5	-0.020350090446282373	0.0012200960020606073	58	
7	sgGata3	40.0	fraction_Malignant	composition	Malignant	200.0	31	27	0.006224389304749485	-0.013264132040070414	0.02500073752557613	0.579	0.5	-0.009053172984405868	0.021501951593904837	58	
7	sgGata3	40.0	fraction_NK	composition	NK	200.0	31	27	0.006490996601803163	-0.0008604278147472624	0.013265050981292735	0.078	1.0	0.003621743623351058	0.009360249580255267	58	
7	sgGata3	40.0	fraction_T	composition	T	200.0	31	27	-0.01509339684141712	-0.0349042667820217	0.0049200693892165	0.16	0.5	-0.03026123775404086	7.444407120662115e-05	58	
7	sgGata3	40.0	hypoxia	state	Malignant	200.0	31	27	-0.018369645828307742	-0.07272657582857908	0.0386136920663685	0.554	1.0	-0.023921072723404053	-0.012818218933211433	58	
7	sgGata3	40.0	ifn_response	state	Malignant	200.0	31	27	0.03402903546738297	-0.020881895654697943	0.08792124458587547	0.19	1.0	0.024584659823664912	0.04347341111110103	58	
7	sgGata3	40.0	macrophage_inflammatory	state	Macrophages	200.0	31	27	-0.008194063660514006	-0.04330916577989621	0.029104123487617893	0.662	0.5	-0.0211243518898564	0.004736224568828389	58	
7	sgGata3	40.0	macrophage_spp1_trem2	state	Macrophages	200.0	31	27	0.02039849920156039	-0.04255046813594113	0.089161558360253	0.518	1.0	0.0025491719284365254	0.038247826474684256	58	
7	sgGata3	40.0	tgfb_ecm	state	Fibroblast	200.0	28	24	-0.11156621652965744	-0.25797603848955725	0.019343786456600003	0.122	0.5	-0.2608724534511566	0.03774002039184173	52	
7	sgGata3	60.0	cytotoxicity	state	T+NK	200.0	29	26	0.09468059716573285	-0.022822481117628766	0.21707898264859526	0.155	1.0	0.05794250682510178	0.13141868750636393	55	
7	sgGata3	60.0	exhaustion	state	T+NK	200.0	29	26	-0.02230255744995584	-0.05059462208566391	0.00802201874092818	0.163	1.0	-0.025802436141440503	-0.018802678758471178	55	
7	sgGata3	60.0	fraction_DC	composition	DC	200.0	31	27	-0.0013340272242974333	-0.012622603547957533	0.009997640887103398	0.791	0.5	-0.004860652755591657	0.0021925983069967904	58	
7	sgGata3	60.0	fraction_Endothelial	composition	Endothelial	200.0	31	27	0.003724264053533799	-0.0044610910878778096	0.013171608118964713	0.387	1.0	0.002626801740949301	0.004821726366118297	58	
7	sgGata3	60.0	fraction_Fibroblast	composition	Fibroblast	200.0	31	27	0.017568983377384544	-0.00290390598326115	0.03971572690563689	0.109	1.0	0.01313086293823534	0.02200710381653375	58	
7	sgGata3	60.0	fraction_Macrophages	composition	Macrophages	200.0	31	27	-0.00764305128842188	-0.04411195747249413	0.031150970177643466	0.698	0.5	-0.022366788734910478	0.0070806861580667195	58	
7	sgGata3	60.0	fraction_Malignant	composition	Malignant	200.0	31	27	-0.01294709346086647	-0.03943657465456485	0.012207245103675678	0.357	0.5	-0.03521522516513378	0.009321038243400836	58	
7	sgGata3	60.0	fraction_NK	composition	NK	200.0	31	27	0.0075672220578626125	-0.0021966786571890923	0.017580647650195028	0.178	1.0	0.004556895364954411	0.010577548750770813	58	
7	sgGata3	60.0	fraction_T	composition	T	200.0	31	27	-0.013447866626984814	-0.03708804908219288	0.009223800904607594	0.294	0.5	-0.02773873632803067	0.0008430030740610401	58	
7	sgGata3	60.0	hypoxia	state	Malignant	200.0	30	26	0.04595867265493442	-0.020007567654769774	0.12068509286639682	0.213	1.0	0.009278248135860149	0.08263909717400869	56	
7	sgGata3	60.0	ifn_response	state	Malignant	200.0	30	26	0.01816654883038539	-0.02913598737798822	0.07070088293140707	0.508	0.5	-0.011242376497158637	0.04757547415792942	56	
7	sgGata3	60.0	macrophage_inflammatory	state	Macrophages	200.0	31	27	0.022627511231413416	-0.025351236836543573	0.06817421622719255	0.348	0.5	-0.037730621834916454	0.08298564429774329	58	
7	sgGata3	60.0	macrophage_spp1_trem2	state	Macrophages	200.0	31	27	0.06832166875544557	-0.028200438190273843	0.16100854461538638	0.162	1.0	0.06338263062700149	0.07326070688388965	58	
7	sgGata3	60.0	tgfb_ecm	state	Fibroblast	200.0	17	20	-0.10011395352947361	-0.3193900292911841	0.08895998175584652	0.356	1.0	-0.18062572268878713	-0.019602184370160102	37	
7	sgZc3h12a	20.0	cytotoxicity	state	T+NK	200.0	86	30	0.012290994277180629	-0.043845935255115806	0.06991276878415957	0.687	0.5	-0.025973745036956875	0.05055573359131813	116	
7	sgZc3h12a	20.0	exhaustion	state	T+NK	200.0	86	30	-0.0048803501668595525	-0.02580517018092038	0.019701787863628813	0.647	1.0	-0.008112272756650697	-0.0016484275770684083	116	
7	sgZc3h12a	20.0	fraction_DC	composition	DC	200.0	86	30	0.004432462671129064	-0.0031427358114301846	0.012903239508355518	0.299	1.0	0.0026861339071149975	0.00617879143514313	116	
7	sgZc3h12a	20.0	fraction_Endothelial	composition	Endothelial	200.0	86	30	0.0033052203512983474	-0.001948403957566642	0.008288251478344251	0.229	0.5	-5.57898794824463e-05	0.006666230582079141	116	
7	sgZc3h12a	20.0	fraction_Fibroblast	composition	Fibroblast	200.0	86	30	-0.0021564556968240523	-0.01577604201649262	0.011704709364016257	0.774	0.5	-0.00691424284949629	0.002601331455848186	116	
7	sgZc3h12a	20.0	fraction_Macrophages	composition	Macrophages	200.0	86	30	-0.011969360531553452	-0.04025290122058835	0.008455259555277954	0.32	1.0	-0.018663930549594344	-0.005274790513512559	116	
7	sgZc3h12a	20.0	fraction_Malignant	composition	Malignant	200.0	86	30	0.012729059566160883	-0.0004096041497468549	0.029913474742903557	0.105	1.0	0.00863854936208827	0.016819569770233495	116	
7	sgZc3h12a	20.0	fraction_NK	composition	NK	200.0	86	30	0.005858061729936642	0.0010828295646808576	0.0111868729525763	0.033	1.0	0.005007867025146292	0.006708256434726991	116	
7	sgZc3h12a	20.0	fraction_T	composition	T	200.0	86	30	-0.005120732586677781	-0.019069405256482375	0.007723692494037052	0.403	1.0	-0.009740815000670254	-0.0005006501726853092	116	
7	sgZc3h12a	20.0	hypoxia	state	Malignant	200.0	86	30	-0.02800349824477074	-0.07356693869214795	0.017946492409218067	0.262	1.0	-0.03404336401023144	-0.021963632479310036	116	
7	sgZc3h12a	20.0	ifn_response	state	Malignant	200.0	86	30	-0.00020578100613152274	-0.03344355336513168	0.03014539696323114	0.992	0.5	-0.019213120515147845	0.0188015585028848	116	
7	sgZc3h12a	20.0	macrophage_inflammatory	state	Macrophages	200.0	86	30	-0.00013497220604976462	-0.027302974719904335	0.024616914393692527	0.99	0.5	-0.00654052405928572	0.006270579647186191	116	
7	sgZc3h12a	20.0	macrophage_spp1_trem2	state	Macrophages	200.0	86	30	-0.046742145081823186	-0.09148093844381298	-0.00031593345307797175	0.055	1.0	-0.06325997312863668	-0.030224317035009694	116	
7	sgZc3h12a	20.0	tgfb_ecm	state	Fibroblast	200.0	75	28	0.017867091010723795	-0.0744607895327998	0.10715645627491176	0.72	0.5	-0.020309969186782836	0.056044151208230426	103	
7	sgZc3h12a	40.0	cytotoxicity	state	T+NK	200.0	84	30	0.022005981827775637	-0.035343187595052374	0.07961860877528254	0.518	1.0	0.008879881352186203	0.03513208230336507	114	
7	sgZc3h12a	40.0	exhaustion	state	T+NK	200.0	84	30	-0.010057088855787048	-0.03115005306262035	0.010166805771379064	0.368	1.0	-0.010390323183188836	-0.00972385452838526	114	
7	sgZc3h12a	40.0	fraction_DC	composition	DC	200.0	86	30	0.007374352831260856	-0.0026847867925128372	0.018093008783738953	0.127	1.0	0.00677411401559157	0.007974591646930143	116	
7	sgZc3h12a	40.0	fraction_Endothelial	composition	Endothelial	200.0	86	30	0.00015321694131693354	-0.0050077118969644495	0.005373986089204163	0.951	0.5	-0.001623371963020538	0.0019298058456544052	116	
7	sgZc3h12a	40.0	fraction_Fibroblast	composition	Fibroblast	200.0	86	30	0.0013042632202881072	-0.012630591492862844	0.014638335903100012	0.849	0.5	-0.00396868998371987	0.006577216424296085	116	
7	sgZc3h12a	40.0	fraction_Macrophages	composition	Macrophages	200.0	86	30	-0.006545000555161394	-0.034430783908990945	0.019567470112824982	0.633	0.5	-0.01605370351001949	0.002963702399696703	116	
7	sgZc3h12a	40.0	fraction_Malignant	composition	Malignant	200.0	86	30	0.012820849338696053	-0.003747147391092201	0.028452900934992455	0.147	1.0	0.007887082596262288	0.017754616081129816	116	
7	sgZc3h12a	40.0	fraction_NK	composition	NK	200.0	86	30	0.0066250294300438765	0.0006073733860707091	0.013533598942554981	0.046	1.0	0.006537739921298257	0.006712318938789496	116	
7	sgZc3h12a	40.0	fraction_T	composition	T	200.0	86	30	-0.01128650903110763	-0.02492589564400082	-0.00025744455057660374	0.094	1.0	-0.011611748851965828	-0.010961269210249432	116	
7	sgZc3h12a	40.0	hypoxia	state	Malignant	200.0	86	30	-0.017328099984415743	-0.06924979191168767	0.03351655243603554	0.533	1.0	-0.030668360739946367	-0.003987839228885118	116	
7	sgZc3h12a	40.0	ifn_response	state	Malignant	200.0	86	30	0.015061382108996081	-0.01709172673924111	0.04629188459449585	0.432	0.5	-0.008276454731822014	0.03839921894981418	116	
7	sgZc3h12a	40.0	macrophage_inflammatory	state	Macrophages	200.0	86	30	0.013991182580835714	-0.015202014151475094	0.04311508859319126	0.353	1.0	0.009828528800849305	0.018153836360822122	116	
7	sgZc3h12a	40.0	macrophage_spp1_trem2	state	Macrophages	200.0	86	30	-0.015512996005226475	-0.06388389629174687	0.02628969331062579	0.476	1.0	-0.02285625139872233	-0.00816974061173062	116	
7	sgZc3h12a	40.0	tgfb_ecm	state	Fibroblast	200.0	73	28	-0.006665508782239576	-0.09444348989856483	0.08029402244039638	0.896	0.5	-0.03525900574667113	0.02192798818219198	101	
7	sgZc3h12a	60.0	cytotoxicity	state	T+NK	200.0	77	30	-0.014322646904043305	-0.09633789861623149	0.07069311419481736	0.699	0.5	-0.03164829115072886	0.0030029973426422517	107	
7	sgZc3h12a	60.0	exhaustion	state	T+NK	200.0	77	30	-0.013723827471343791	-0.04131498856929603	0.01311040820908183	0.371	0.5	-0.039695900337149696	0.012248245394462115	107	
7	sgZc3h12a	60.0	fraction_DC	composition	DC	200.0	86	30	0.006834906019379767	-0.005054384771160111	0.01871236986443016	0.281	1.0	0.0002125367347435167	0.013457275304016017	116	
7	sgZc3h12a	60.0	fraction_Endothelial	composition	Endothelial	200.0	86	30	-0.00010711620621953045	-0.00650502059598437	0.005975451526199722	0.973	0.5	-0.0005588508834324063	0.0003446184709933454	116	
7	sgZc3h12a	60.0	fraction_Fibroblast	composition	Fibroblast	200.0	86	30	0.010121819604931127	-0.004631864772222537	0.02719102919952683	0.233	0.5	-0.001973618315001244	0.022217257524863497	116	
7	sgZc3h12a	60.0	fraction_Macrophages	composition	Macrophages	200.0	86	30	-0.02063198063502869	-0.04717735861858708	0.00884585204971226	0.191	0.5	-0.04482616103247701	0.0035621997624196325	116	
7	sgZc3h12a	60.0	fraction_Malignant	composition	Malignant	200.0	86	30	0.009286978892989484	-0.012056580965460816	0.029845330478500555	0.36	1.0	0.006740007757094157	0.01183395002888481	116	
7	sgZc3h12a	60.0	fraction_NK	composition	NK	200.0	86	30	0.007324282981768357	-0.0007855891218161055	0.01556727090706767	0.108	1.0	0.00718704178193339	0.007461524181603325	116	
7	sgZc3h12a	60.0	fraction_T	composition	T	200.0	86	30	-0.012729090238070721	-0.02777863590492624	0.0035835437458760066	0.122	1.0	-0.016497145996126214	-0.008961034480015227	116	
7	sgZc3h12a	60.0	hypoxia	state	Malignant	200.0	82	30	0.04775698008242904	-0.006522696449353201	0.10600261167157439	0.123	1.0	0.014177041128277779	0.0813369190365803	112	
7	sgZc3h12a	60.0	ifn_response	state	Malignant	200.0	82	30	0.01902994478378839	-0.015750704546178863	0.051514315306913194	0.344	0.5	-0.031777736047903696	0.06983762561548047	112	
7	sgZc3h12a	60.0	macrophage_inflammatory	state	Macrophages	200.0	86	30	0.05230815754806291	0.016980783669864614	0.08909517786173193	0.008	0.5	-0.015164058135692464	0.11978037323181828	116	
7	sgZc3h12a	60.0	macrophage_spp1_trem2	state	Macrophages	200.0	86	30	-0.04330159376931283	-0.10598875899026676	0.013403117246348262	0.156	1.0	-0.05444683333237966	-0.032156354206246	116	
7	sgZc3h12a	60.0	tgfb_ecm	state	Fibroblast	200.0	58	24	-0.031001586006718807	-0.1770652296334698	0.11030149591990325	0.691	0.5	-0.10604198339084785	0.04403881137741023	82	
7	sgGata3	20.0	cytotoxicity	state	T+NK	400.0	31	27	0.03120892747275291	-0.0400309956958573	0.09843481598597736	0.435	0.5	-0.04338716955915574	0.10580502450466156	58	
7	sgGata3	20.0	exhaustion	state	T+NK	400.0	31	27	-0.021703937272301993	-0.04823384684878552	0.00517005143046497	0.097	1.0	-0.03528920549058145	-0.008118669054022542	58	
7	sgGata3	20.0	fraction_DC	composition	DC	400.0	31	27	-0.005165520805328417	-0.014586534541434599	0.003867008053976829	0.299	1.0	-0.007391005999554079	-0.002940035611102755	58	
7	sgGata3	20.0	fraction_Endothelial	composition	Endothelial	400.0	31	27	0.00742361908762493	0.0012047474118696215	0.014968806260439437	0.043	1.0	0.0038941828957913586	0.010953055279458501	58	
7	sgGata3	20.0	fraction_Fibroblast	composition	Fibroblast	400.0	31	27	0.0056708029155183035	-0.009389647343058473	0.02118228750965069	0.52	0.5	-0.0011721329604860507	0.012513738791522658	58	
7	sgGata3	20.0	fraction_Macrophages	composition	Macrophages	400.0	31	27	-0.010080680416115852	-0.04256614511115722	0.020653292090034053	0.549	1.0	-0.018403220172634793	-0.0017581406595969106	58	
7	sgGata3	20.0	fraction_Malignant	composition	Malignant	400.0	31	27	0.005315512389610562	-0.013179797192995897	0.021007934774239238	0.553	0.5	-0.002237400508468352	0.012868425287689476	58	
7	sgGata3	20.0	fraction_NK	composition	NK	400.0	31	27	0.004049394533211012	-0.0017955954478106723	0.010087813118754724	0.205	1.0	0.003305148445540576	0.004793640620881449	58	
7	sgGata3	20.0	fraction_T	composition	T	400.0	31	27	-0.011991032855156653	-0.031813259378114675	0.010108653308422639	0.261	1.0	-0.017271531391140182	-0.006710534319173123	58	
7	sgGata3	20.0	hypoxia	state	Malignant	400.0	31	27	-0.014655678511876501	-0.060293600964165216	0.03855836143157483	0.551	0.5	-0.03051154111181536	0.001200184088062357	58	
7	sgGata3	20.0	ifn_response	state	Malignant	400.0	31	27	0.022866217610888015	-0.02940034022951986	0.07821027577922564	0.422	1.0	0.013395675630481154	0.032336759591294874	58	
7	sgGata3	20.0	macrophage_inflammatory	state	Macrophages	400.0	31	27	-0.010710031132958162	-0.041915308181758364	0.020845222631730848	0.542	1.0	-0.02060614045589201	-0.0008139218100243144	58	
7	sgGata3	20.0	macrophage_spp1_trem2	state	Macrophages	400.0	31	27	-0.0237575465882266	-0.08351645370880799	0.039077448266310204	0.444	1.0	-0.03431525716075191	-0.013199836015701294	58	
7	sgGata3	20.0	tgfb_ecm	state	Fibroblast	400.0	28	25	-0.05289473493184362	-0.18737596083113123	0.06312661282691572	0.447	0.5	-0.19510560163429805	0.0893161317706108	53	
7	sgGata3	40.0	cytotoxicity	state	T+NK	400.0	31	27	0.05337391992231993	-0.02132023286336995	0.13219495266520168	0.181	1.0	0.0007078789414898042	0.10603996090315006	58	0.5067999999999999
7	sgGata3	40.0	exhaustion	state	T+NK	400.0	31	27	-0.025315417702284196	-0.04955727219867565	0.0028153631899042425	0.095	1.0	-0.04630295139166617	-0.004327884012902224	58	0.5067999999999999
7	sgGata3	40.0	fraction_DC	composition	DC	400.0	31	27	-0.0024924708959461594	-0.013115383446985405	0.007739666936000424	0.667	0.5	-0.005712930066367839	0.0007279882744755202	58	0.77616
7	sgGata3	40.0	fraction_Endothelial	composition	Endothelial	400.0	31	27	0.005097568254134738	-0.0023229555398282136	0.012185250721234662	0.178	0.5	-0.0004200439959549125	0.010615180504224388	58	0.5067999999999999
7	sgGata3	40.0	fraction_Fibroblast	composition	Fibroblast	400.0	31	27	0.010267553619107025	-0.009541064388611693	0.028310772148191464	0.245	1.0	0.01016170843399312	0.010373398804220932	58	0.5716666666666667
7	sgGata3	40.0	fraction_Macrophages	composition	Macrophages	400.0	31	27	-0.009564997222110882	-0.04236992853111157	0.0232961323124757	0.596	0.5	-0.020350090446282373	0.0012200960020606092	58	0.7585454545454545
7	sgGata3	40.0	fraction_Malignant	composition	Malignant	400.0	31	27	0.006224389304749486	-0.012084467499990762	0.02639392446466439	0.57	0.5	-0.009053172984405868	0.02150195159390484	58	0.7585454545454545
7	sgGata3	40.0	fraction_NK	composition	NK	400.0	31	27	0.006490996601803163	0.00014198447932179897	0.014441338571179954	0.071	1.0	0.003621743623351058	0.009360249580255267	58	0.5067999999999999
7	sgGata3	40.0	fraction_T	composition	T	400.0	31	27	-0.01509339684141712	-0.0341072620137322	0.006463032045939978	0.153	0.5	-0.03026123775404086	7.444407120662181e-05	58	0.5067999999999999
7	sgGata3	40.0	hypoxia	state	Malignant	400.0	31	27	-0.018369645828307742	-0.07459475099328314	0.041835790158003365	0.546	1.0	-0.023921072723404053	-0.012818218933211433	58	0.7585454545454545
7	sgGata3	40.0	ifn_response	state	Malignant	400.0	31	27	0.03402903546738297	-0.01516292467362858	0.09400682308596503	0.214	1.0	0.024584659823664912	0.04347341111110103	58	0.5447272727272727
7	sgGata3	40.0	macrophage_inflammatory	state	Macrophages	400.0	31	27	-0.008194063660514006	-0.042334922072961655	0.025745484346480482	0.677	0.5	-0.0211243518898564	0.004736224568828389	58	0.77616
7	sgGata3	40.0	macrophage_spp1_trem2	state	Macrophages	400.0	31	27	0.02039849920156039	-0.05105346785513339	0.08612227216629986	0.54	1.0	0.0025491719284365254	0.038247826474684256	58	0.7585454545454545
7	sgGata3	40.0	tgfb_ecm	state	Fibroblast	400.0	28	24	-0.11156621652965744	-0.25051046586484604	0.02974194834241643	0.126	0.5	-0.2608724534511566	0.03774002039184173	52	0.5067999999999999
7	sgGata3	60.0	cytotoxicity	state	T+NK	400.0	29	26	0.09468059716573285	-0.022690280566031517	0.22740342919949427	0.124	1.0	0.05794250682510178	0.13141868750636393	55	
7	sgGata3	60.0	exhaustion	state	T+NK	400.0	29	26	-0.02230255744995584	-0.052177789910827374	0.010511609437611105	0.188	1.0	-0.025802436141440503	-0.018802678758471178	55	
7	sgGata3	60.0	fraction_DC	composition	DC	400.0	31	27	-0.0013340272242974337	-0.011083456265276079	0.009305183038797809	0.813	0.5	-0.004860652755591658	0.0021925983069967904	58	
7	sgGata3	60.0	fraction_Endothelial	composition	Endothelial	400.0	31	27	0.0037242640535338	-0.004568941390579412	0.012625082047518514	0.408	1.0	0.0026268017409493017	0.004821726366118298	58	
7	sgGata3	60.0	fraction_Fibroblast	composition	Fibroblast	400.0	31	27	0.017568983377384544	-0.0036697554970700425	0.03658644397113802	0.121	1.0	0.013130862938235337	0.02200710381653375	58	
7	sgGata3	60.0	fraction_Macrophages	composition	Macrophages	400.0	31	27	-0.007643051288421883	-0.04646083722307621	0.032321727927817484	0.747	0.5	-0.022366788734910485	0.0070806861580667195	58	
7	sgGata3	60.0	fraction_Malignant	composition	Malignant	400.0	31	27	-0.01294709346086647	-0.03914558004918739	0.011791001058326608	0.325	0.5	-0.03521522516513378	0.009321038243400836	58	
7	sgGata3	60.0	fraction_NK	composition	NK	400.0	31	27	0.0075672220578626125	-0.0019237470068707173	0.0180190968742121	0.185	1.0	0.004556895364954411	0.010577548750770813	58	
7	sgGata3	60.0	fraction_T	composition	T	400.0	31	27	-0.013447866626984814	-0.03905357828013679	0.008145693843392964	0.264	0.5	-0.02773873632803067	0.0008430030740610395	58	
7	sgGata3	60.0	hypoxia	state	Malignant	400.0	30	26	0.04595867265493442	-0.019625404433180123	0.11445315969713885	0.212	1.0	0.009278248135860149	0.08263909717400869	56	
7	sgGata3	60.0	ifn_response	state	Malignant	400.0	30	26	0.01816654883038539	-0.028069050488874127	0.07380640479604687	0.524	0.5	-0.011242376497158637	0.04757547415792942	56	
7	sgGata3	60.0	macrophage_inflammatory	state	Macrophages	400.0	31	27	0.022627511231413416	-0.018691976381320585	0.06542750349150928	0.341	0.5	-0.037730621834916454	0.08298564429774329	58	
7	sgGata3	60.0	macrophage_spp1_trem2	state	Macrophages	400.0	31	27	0.06832166875544557	-0.023542922913689906	0.17117343752777364	0.154	1.0	0.06338263062700149	0.07326070688388965	58	
7	sgGata3	60.0	tgfb_ecm	state	Fibroblast	400.0	17	20	-0.10011395352947361	-0.2903655828228768	0.11720533524749459	0.374	1.0	-0.18062572268878713	-0.019602184370160102	37	
7	sgZc3h12a	20.0	cytotoxicity	state	T+NK	400.0	86	30	0.01370170619103766	-0.04246405547259953	0.0761803851198347	0.668	0.5	-0.027831420756694748	0.05523483313877007	111	
7	sgZc3h12a	20.0	exhaustion	state	T+NK	400.0	86	30	-0.004953517582458644	-0.02613227221045817	0.016741273838774957	0.644	1.0	-0.008048728244697176	-0.001858306920220112	111	
7	sgZc3h12a	20.0	fraction_DC	composition	DC	400.0	86	30	0.004924839080733999	-0.003116337766595767	0.01259000859367962	0.268	1.0	0.003645653765573493	0.0062040243958945045	111	
7	sgZc3h12a	20.0	fraction_Endothelial	composition	Endothelial	400.0	86	30	0.0034113571234594075	-0.0020780083481372652	0.00874245888052188	0.246	0.5	-0.00025467285096852015	0.0070773870978873355	111	
7	sgZc3h12a	20.0	fraction_Fibroblast	composition	Fibroblast	400.0	86	30	-0.002302508543447505	-0.015964850959000954	0.013110080733481879	0.742	0.5	-0.008146240596712075	0.0035412235098170645	111	
7	sgZc3h12a	20.0	fraction_Macrophages	composition	Macrophages	400.0	86	30	-0.010977837678027791	-0.03387392195679545	0.01134917582463853	0.358	1.0	-0.015071744620595214	-0.006883930735460369	111	
7	sgZc3h12a	20.0	fraction_Malignant	composition	Malignant	400.0	86	30	0.013261921989585417	-0.0010225733431723043	0.028336521875514355	0.1	1.0	0.008112437344289446	0.018411406634881385	111	
7	sgZc3h12a	20.0	fraction_NK	composition	NK	400.0	86	30	0.005555182071628281	0.0006136240026776767	0.011301313622285012	0.052	1.0	0.0049853257580570265	0.006125038385199536	111	
7	sgZc3h12a	20.0	fraction_T	composition	T	400.0	86	30	-0.005749393718766024	-0.01874496608663739	0.008270877118276865	0.39	1.0	-0.010534577332538647	-0.0009642101049934005	111	
7	sgZc3h12a	20.0	hypoxia	state	Malignant	400.0	86	30	-0.029149696701249346	-0.0781221152428648	0.022681438171146498	0.23	1.0	-0.03205303286724701	-0.026246360535251683	111	
7	sgZc3h12a	20.0	ifn_response	state	Malignant	400.0	86	30	-0.001445419417852433	-0.03173734674976686	0.028244056267690467	0.937	0.5	-0.021274531581278504	0.018383692745573638	111	
7	sgZc3h12a	20.0	macrophage_inflammatory	state	Macrophages	400.0	86	30	0.0012807804242064712	-0.02753126579021551	0.029657695791674297	0.938	0.5	-0.003663629004410629	0.006225189852823571	111	
7	sgZc3h12a	20.0	macrophage_spp1_trem2	state	Macrophages	400.0	86	30	-0.0509574605141045	-0.09142962135194391	-0.003245920125203981	0.032	1.0	-0.06660241890570213	-0.03531250212250686	111	
7	sgZc3h12a	20.0	tgfb_ecm	state	Fibroblast	400.0	75	28	0.02912542055446964	-0.06405453525943197	0.11979471669198594	0.544	0.5	-0.015331726993473483	0.07358256810241276	98	
7	sgZc3h12a	40.0	cytotoxicity	state	T+NK	400.0	84	30	0.02189777962911617	-0.03381809196583445	0.08936026389022139	0.505	1.0	0.0026020833756774664	0.04119347588255488	109	0.7585454545454545
7	sgZc3h12a	40.0	exhaustion	state	T+NK	400.0	84	30	-0.009489750086153248	-0.02993293906168627	0.010249102257033068	0.388	1.0	-0.010603664792142808	-0.008375835380163687	109	0.7522666666666668
7	sgZc3h12a	40.0	fraction_DC	composition	DC	400.0	86	30	0.007692826025162185	-0.0017726605865797727	0.017822182651405373	0.131	1.0	0.006511530994334585	0.008874121055989784	111	0.5067999999999999
7	sgZc3h12a	40.0	fraction_Endothelial	composition	Endothelial	400.0	86	30	0.000207070535844152	-0.0051239139941606105	0.005912319800172071	0.933	0.5	-0.001850573972147667	0.002264715043835971	111	0.933
7	sgZc3h12a	40.0	fraction_Fibroblast	composition	Fibroblast	400.0	86	30	0.0012164429314547144	-0.011379283145965754	0.01540167534026989	0.884	0.5	-0.0043994087770855275	0.006832294639994956	111	0.9167407407407407
7	sgZc3h12a	40.0	fraction_Macrophages	composition	Macrophages	400.0	86	30	-0.004953156854463536	-0.03115400366552655	0.01879447882540647	0.693	0.5	-0.011337831728925685	0.0014315180199986131	111	0.77616
7	sgZc3h12a	40.0	fraction_Malignant	composition	Malignant	400.0	86	30	0.012631702406542348	-0.004346011887366422	0.029273076930569075	0.163	1.0	0.009009496755321065	0.01625390805776363	111	0.5067999999999999
7	sgZc3h12a	40.0	fraction_NK	composition	NK	400.0	86	30	0.006126030709942496	5.75290431366897e-05	0.012591689879826345	0.078	1.0	0.005782174249231951	0.00646988717065304	111	0.5067999999999999
7	sgZc3h12a	40.0	fraction_T	composition	T	400.0	86	30	-0.01139256265384209	-0.023945136425023553	0.0027674531124761304	0.099	1.0	-0.012068438695598156	-0.010716686612086024	111	0.5067999999999999
7	sgZc3h12a	40.0	hypoxia	state	Malignant	400.0	86	30	-0.01816337108275249	-0.0701136683576597	0.03604667057268337	0.522	1.0	-0.035346544122901453	-0.0009801980426035275	111	0.7585454545454545
7	sgZc3h12a	40.0	ifn_response	state	Malignant	400.0	86	30	0.013213706888176996	-0.021076891408478127	0.04565514526425886	0.47	0.5	-0.011116100603650356	0.03754351438000435	111	0.7585454545454545
7	sgZc3h12a	40.0	macrophage_inflammatory	state	Macrophages	400.0	86	30	0.015476901978301314	-0.013146123383438983	0.04417326826271479	0.344	1.0	0.009332542875554503	0.021621261081048126	111	0.7409230769230769
7	sgZc3h12a	40.0	macrophage_spp1_trem2	state	Macrophages	400.0	86	30	-0.01986446175677271	-0.06404679055099319	0.023063024733672947	0.403	1.0	-0.026862985358156007	-0.012865938155389414	111	0.7522666666666668
7	sgZc3h12a	40.0	tgfb_ecm	state	Fibroblast	400.0	73	28	0.010713213775756854	-0.08928339449034917	0.10847580413050625	0.827	0.5	-0.010179130567444695	0.031605558118958405	96	0.8906153846153846
7	sgZc3h12a	60.0	cytotoxicity	state	T+NK	400.0	77	30	-0.02736960592370412	-0.1042403448582044	0.051203029835926624	0.485	1.0	-0.03554150770450461	-0.01919770414290363	102	
7	sgZc3h12a	60.0	exhaustion	state	T+NK	400.0	77	30	-0.012220966409061264	-0.045084943418249944	0.015395894031760506	0.433	0.5	-0.03682699690348115	0.012385064085358626	102	
7	sgZc3h12a	60.0	fraction_DC	composition	DC	400.0	86	30	0.007126415308976488	-0.003370745517260643	0.019180958910455934	0.247	1.0	0.0015824449620414078	0.01267038565591157	111	
7	sgZc3h12a	60.0	fraction_Endothelial	composition	Endothelial	400.0	86	30	-7.874752544763435e-05	-0.006039972320295903	0.007108587011675367	0.99	0.5	-0.0007344683661546647	0.000576973315259396	111	
7	sgZc3h12a	60.0	fraction_Fibroblast	composition	Fibroblast	400.0	86	30	0.00974792468906009	-0.006571043148356418	0.02690475985589245	0.269	0.5	-0.0033898301219746976	0.022885679500094878	111	
7	sgZc3h12a	60.0	fraction_Macrophages	composition	Macrophages	400.0	86	30	-0.019024005012532208	-0.04708907407834814	0.011143061684954816	0.235	0.5	-0.04010442152092382	0.0020564114958594036	111	
7	sgZc3h12a	60.0	fraction_Malignant	composition	Malignant	400.0	86	30	0.010082715517645119	-0.010339518039080028	0.027898536901584156	0.325	1.0	0.006788876490088836	0.013376554545201402	111	
7	sgZc3h12a	60.0	fraction_NK	composition	NK	400.0	86	30	0.00702017518136539	-0.0005545707104672231	0.014644205354599428	0.128	1.0	0.0070121831017453395	0.00702816726098544	111	
7	sgZc3h12a	60.0	fraction_T	composition	T	400.0	86	30	-0.013154111553645716	-0.02772755131245645	0.0020639635459518183	0.103	1.0	-0.018440284240402345	-0.007867938866889084	111	
7	sgZc3h12a	60.0	hypoxia	state	Malignant	400.0	82	30	0.0438402488108833	-0.019784747656493646	0.10219007831813716	0.164	1.0	0.007398676255653645	0.08028182136611296	107	
7	sgZc3h12a	60.0	ifn_response	state	Malignant	400.0	82	30	0.017889815875082864	-0.01794708971291118	0.0587572916786151	0.366	0.5	-0.030865805480500746	0.06664543723066647	107	
7	sgZc3h12a	60.0	macrophage_inflammatory	state	Macrophages	400.0	86	30	0.055632597740185016	0.016475612445537836	0.09231224095273005	0.006	0.5	-0.011164761330114632	0.12242995681048467	111	
7	sgZc3h12a	60.0	macrophage_spp1_trem2	state	Macrophages	400.0	86	30	-0.04653294917424754	-0.10605185323557757	0.013857640326923876	0.139	1.0	-0.05876802755840894	-0.034297870790086143	111	
7	sgZc3h12a	60.0	tgfb_ecm	state	Fibroblast	400.0	58	24	-0.00712881351824806	-0.15554948335992017	0.13189325810774513	0.918	0.5	-0.06941787477420724	0.055160247737711124	78	
7	sgGata3	20.0	cytotoxicity	state	T+NK	800.0	31	27	0.0310423888409367	-0.03694245461911823	0.10930102680344128	0.427	0.5	-0.038657636195421216	0.10074241387729461	56	
7	sgGata3	20.0	exhaustion	state	T+NK	800.0	31	27	-0.019462622228699426	-0.04468499707781936	0.004602344379796144	0.134	1.0	-0.0338679612458994	-0.005057283211499453	56	
7	sgGata3	20.0	fraction_DC	composition	DC	800.0	31	27	-0.004989307408070754	-0.014869874917977137	0.004299059960476648	0.312	1.0	-0.007386744425374867	-0.0025918703907666426	56	
7	sgGata3	20.0	fraction_Endothelial	composition	Endothelial	800.0	31	27	0.0074464327738129905	0.0003417004089734199	0.015180448154084175	0.048	1.0	0.0041262706210236965	0.010766594926602284	56	
7	sgGata3	20.0	fraction_Fibroblast	composition	Fibroblast	800.0	31	27	0.00533708507872334	-0.010113815848282465	0.021352144738555734	0.502	0.5	-0.001942051821426313	0.012616221978872992	56	
7	sgGata3	20.0	fraction_Macrophages	composition	Macrophages	800.0	31	27	-0.008509569798477005	-0.039300543926768745	0.027975338954510237	0.583	0.5	-0.017692384604368623	0.0006732450074146135	56	
7	sgGata3	20.0	fraction_Malignant	composition	Malignant	800.0	31	27	0.003436229650357468	-0.014070145086427188	0.02003996468034633	0.699	0.5	-0.0040291147295038994	0.010901574030218835	56	
7	sgGata3	20.0	fraction_NK	composition	NK	800.0	31	27	0.003906268024493176	-0.0025046987363459778	0.010724090281841958	0.247	1.0	0.003336729984391231	0.0044758060645951215	56	
7	sgGata3	20.0	fraction_T	composition	T	800.0	31	27	-0.011696697425238064	-0.03266572000217115	0.009573880632968185	0.296	1.0	-0.016241719297452082	-0.007151675553024047	56	
7	sgGata3	20.0	hypoxia	state	Malignant	800.0	31	27	-0.0184753179956132	-0.06606365321442867	0.030749017980952673	0.485	1.0	-0.03522143804778655	-0.0017291979434398504	56	
7	sgGata3	20.0	ifn_response	state	Malignant	800.0	31	27	0.020954542358716327	-0.030256937402778135	0.07831482780345071	0.461	1.0	0.012630665674805641	0.029278419042627016	56	
7	sgGata3	20.0	macrophage_inflammatory	state	Macrophages	800.0	31	27	-0.01125624247540075	-0.039723264605720315	0.019933900987484657	0.494	0.5	-0.024005497805774212	0.001493012854972711	56	
7	sgGata3	20.0	macrophage_spp1_trem2	state	Macrophages	800.0	31	27	-0.02603791292088154	-0.08930506978494425	0.03364886228472757	0.388	1.0	-0.032951466452616915	-0.01912435938914617	56	
7	sgGata3	20.0	tgfb_ecm	state	Fibroblast	800.0	28	25	-0.05478090979158878	-0.17942458497299985	0.05789651371952559	0.423	0.5	-0.20670052617788315	0.09713870659470558	51	
7	sgGata3	40.0	cytotoxicity	state	T+NK	800.0	31	27	0.0550703244522596	-0.02069422767187158	0.12499269526642864	0.18	1.0	0.005240063990155855	0.10490058491436335	56	
7	sgGata3	40.0	exhaustion	state	T+NK	800.0	31	27	-0.02253726354430024	-0.049203238851489285	0.0044304866146278295	0.113	1.0	-0.043953828342879815	-0.0011206987457206617	56	
7	sgGata3	40.0	fraction_DC	composition	DC	800.0	31	27	-0.002516131473729901	-0.01477871539691974	0.009208730699571321	0.684	0.5	-0.00592726209007432	0.0008949991426145186	56	
7	sgGata3	40.0	fraction_Endothelial	composition	Endothelial	800.0	31	27	0.005277835038354789	-0.001389580622249046	0.012931442948109767	0.163	1.0	0.00018029995993675704	0.01037537011677282	56	
7	sgGata3	40.0	fraction_Fibroblast	composition	Fibroblast	800.0	31	27	0.009970460377510273	-0.007575002419565324	0.028933222823140998	0.292	1.0	0.00906999473655979	0.010870926018460755	56	
7	sgGata3	40.0	fraction_Macrophages	composition	Macrophages	800.0	31	27	-0.009116809883143125	-0.04295796150233303	0.022419999014470636	0.615	0.5	-0.019614749493213488	0.00138112972692724	56	
7	sgGata3	40.0	fraction_Malignant	composition	Malignant	800.0	31	27	0.004780555759863717	-0.01487753093955433	0.02327671776620126	0.651	0.5	-0.010176006486860774	0.019737118006588207	56	
7	sgGata3	40.0	fraction_NK	composition	NK	800.0	31	27	0.006307122198603164	-0.0006590695415792533	0.013184749860638842	0.098	1.0	0.0037480534189704797	0.00886619097823585	56	
7	sgGata3	40.0	fraction_T	composition	T	800.0	31	27	-0.014178059205582733	-0.03428818390054068	0.00771995618296097	0.222	0.5	-0.029101872528826907	0.0007457541176614411	56	
7	sgGata3	40.0	hypoxia	state	Malignant	800.0	31	27	-0.02281463080061934	-0.0773094777479314	0.029892670537154067	0.461	1.0	-0.026309459221859774	-0.019319802379378907	56	
7	sgGata3	40.0	ifn_response	state	Malignant	800.0	31	27	0.03313145702227186	-0.0180416421035233	0.08583022048201364	0.248	1.0	0.02552829861927491	0.04073461542526881	56	
7	sgGata3	40.0	macrophage_inflammatory	state	Macrophages	800.0	31	27	-0.008055479739768764	-0.04352245139617783	0.028773368723206925	0.66	0.5	-0.02447561373313268	0.008364654253595151	56	
7	sgGata3	40.0	macrophage_spp1_trem2	state	Macrophages	800.0	31	27	0.01636042207097396	-0.04803463735808738	0.08614190677992799	0.635	0.5	-0.005505135903755824	0.03822598004570374	56	
7	sgGata3	40.0	tgfb_ecm	state	Fibroblast	800.0	28	24	-0.10549293183114218	-0.24389501524918175	0.027285407475329287	0.166	0.5	-0.2652767673134804	0.05429090365119602	50	
7	sgGata3	60.0	cytotoxicity	state	T+NK	800.0	29	26	0.09468059716573285	-0.018220362587725688	0.2145615477482998	0.136	1.0	0.05794250682510178	0.13141868750636393	55	
7	sgGata3	60.0	exhaustion	state	T+NK	800.0	29	26	-0.02230255744995584	-0.050629125264953743	0.009423883017881293	0.171	1.0	-0.025802436141440503	-0.018802678758471178	55	
7	sgGata3	60.0	fraction_DC	composition	DC	800.0	31	27	-0.0020602731231347095	-0.01227595334751472	0.008116396819466154	0.742	0.5	-0.00450955955141786	0.0003890133051484407	56	
7	sgGata3	60.0	fraction_Endothelial	composition	Endothelial	800.0	31	27	0.003955597795064913	-0.004624560027128939	0.012068806862588143	0.403	1.0	0.0032909132679184833	0.004620282322211343	56	
7	sgGata3	60.0	fraction_Fibroblast	composition	Fibroblast	800.0	31	27	0.017630257083359604	-0.0019061733201311908	0.03761949780944424	0.119	1.0	0.011115656321695052	0.024144857845024157	56	
7	sgGata3	60.0	fraction_Macrophages	composition	Macrophages	800.0	31	27	-0.008338796440655999	-0.05121071579814929	0.03499614224640275	0.664	0.5	-0.019882209629094674	0.0032046167477826773	56	
7	sgGata3	60.0	fraction_Malignant	composition	Malignant	800.0	31	27	-0.012828339447715704	-0.03873434815811089	0.015167143351994226	0.352	0.5	-0.033776891206166546	0.008120212310735137	56	
7	sgGata3	60.0	fraction_NK	composition	NK	800.0	31	27	0.007788801607914153	-0.0034381493817989095	0.019364587290232157	0.163	1.0	0.004668080588997649	0.010909522626830656	56	
7	sgGata3	60.0	fraction_T	composition	T	800.0	31	27	-0.012118293264237847	-0.03651438334206449	0.011741898525226089	0.354	0.5	-0.025135680075792352	0.000899093547316659	56	
7	sgGata3	60.0	hypoxia	state	Malignant	800.0	30	26	0.04167175321358031	-0.028101437068865472	0.10199684668046513	0.231	0.5	-0.002005660980939865	0.08534916740810049	54	
7	sgGata3	60.0	ifn_response	state	Malignant	800.0	30	26	0.01839269052420197	-0.030583644763084835	0.07311587309975433	0.509	0.5	-0.008016939237713815	0.044802320286117754	54	
7	sgGata3	60.0	macrophage_inflammatory	state	Macrophages	800.0	31	27	0.023804485608035556	-0.016781621136260815	0.06819703840316298	0.315	0.5	-0.040522596426308156	0.08813156764237927	56	
7	sgGata3	60.0	macrophage_spp1_trem2	state	Macrophages	800.0	31	27	0.06541715910037359	-0.029170943583624483	0.16799498474511962	0.192	1.0	0.05803471381465594	0.07279960438609123	56	
7	sgGata3	60.0	tgfb_ecm	state	Fibroblast	800.0	17	20	-0.08753453768305365	-0.27629704924254184	0.0900999518073864	0.421	0.5	-0.18062572268878713	0.005556647322679821	36	
7	sgZc3h12a	20.0	cytotoxicity	state	T+NK	800.0	86	30	0.012747681892024548	-0.04184156049182348	0.06890565054884858	0.702	0.5	-0.03106115505032174	0.056556518834370836	100	
7	sgZc3h12a	20.0	exhaustion	state	T+NK	800.0	86	30	-0.007128046090651384	-0.026929534005249025	0.016437421846136138	0.527	1.0	-0.007759195895722279	-0.006496896285580488	100	
7	sgZc3h12a	20.0	fraction_DC	composition	DC	800.0	86	30	0.0035153634594642727	-0.004320931468059292	0.012350392684231035	0.46	1.0	0.0031789518011740613	0.003851775117754484	100	
7	sgZc3h12a	20.0	fraction_Endothelial	composition	Endothelial	800.0	86	30	0.004197125164765278	-0.001603510632363174	0.010715137959778012	0.167	1.0	0.0008911668131303209	0.007503083516400235	100	
7	sgZc3h12a	20.0	fraction_Fibroblast	composition	Fibroblast	800.0	86	30	-0.004537276702814489	-0.019635840564269914	0.009204957453976103	0.543	1.0	-0.008973677737366898	-0.00010087566826207949	100	
7	sgZc3h12a	20.0	fraction_Macrophages	composition	Macrophages	800.0	86	30	-0.012104794347049658	-0.036434903396351026	0.011194141389738574	0.321	1.0	-0.015762681688723787	-0.00844690700537553	100	
7	sgZc3h12a	20.0	fraction_Malignant	composition	Malignant	800.0	86	30	0.01510073432696567	-0.0016384859256501605	0.03262948469891002	0.07	1.0	0.010403797967379523	0.019797670686551815	100	
7	sgZc3h12a	20.0	fraction_NK	composition	NK	800.0	86	30	0.005555225575274572	0.0001463448466075124	0.010856122851930059	0.058	1.0	0.004681203258863102	0.006429247891686043	100	
7	sgZc3h12a	20.0	fraction_T	composition	T	800.0	86	30	-0.005582304349172783	-0.01992448496730312	0.009383574245317607	0.439	1.0	-0.00960573051439673	-0.001558878183948836	100	
7	sgZc3h12a	20.0	hypoxia	state	Malignant	800.0	86	30	-0.020789287092095744	-0.07006617693197593	0.023243668860598053	0.377	0.5	-0.04414460851668237	0.0025660343324908842	100	
7	sgZc3h12a	20.0	ifn_response	state	Malignant	800.0	86	30	-0.003772895993265999	-0.03475528699904971	0.02591586452560288	0.824	0.5	-0.028471754075816043	0.020925962089284045	100	
7	sgZc3h12a	20.0	macrophage_inflammatory	state	Macrophages	800.0	86	30	0.002195192125886652	-0.026328541679513217	0.029462687156585253	0.861	0.5	-0.006601171621766228	0.010991555873539532	100	
7	sgZc3h12a	20.0	macrophage_spp1_trem2	state	Macrophages	800.0	86	30	-0.04112820324700323	-0.08143464526031179	0.004294691278069319	0.09	1.0	-0.05511528597428249	-0.027141120519723977	100	
7	sgZc3h12a	20.0	tgfb_ecm	state	Fibroblast	800.0	75	28	0.017674679588048886	-0.06829727671782558	0.11268145173453749	0.75	0.5	-0.02554942671305094	0.06089878588914871	90	
7	sgZc3h12a	40.0	cytotoxicity	state	T+NK	800.0	84	30	0.025087255725180703	-0.03474787874226896	0.08355583242846164	0.409	1.0	0.0028346562585620963	0.04733985519179931	98	
7	sgZc3h12a	40.0	exhaustion	state	T+NK	800.0	84	30	-0.009965294460879449	-0.032353976528042366	0.011839661988070032	0.419	1.0	-0.010196134376411255	-0.00973445454534764	98	
7	sgZc3h12a	40.0	fraction_DC	composition	DC	800.0	86	30	0.005139671551467101	-0.004403026089731207	0.015565065307924128	0.332	1.0	0.0021567015119257306	0.008122641591008473	100	
7	sgZc3h12a	40.0	fraction_Endothelial	composition	Endothelial	800.0	86	30	0.0014915109764153387	-0.003877621397705215	0.006990931505301484	0.586	0.5	-0.0007060827495907434	0.003689104702421421	100	
7	sgZc3h12a	40.0	fraction_Fibroblast	composition	Fibroblast	800.0	86	30	-0.0017283266833494333	-0.016507625787145905	0.013410598272399142	0.831	0.5	-0.006196557169651042	0.002739903802952175	100	
7	sgZc3h12a	40.0	fraction_Macrophages	composition	Macrophages	800.0	86	30	-0.004934610468583201	-0.030121453277242832	0.022521143235506753	0.714	0.5	-0.0107984501083595	0.0009292291711930977	100	
7	sgZc3h12a	40.0	fraction_Malignant	composition	Malignant	800.0	86	30	0.013697823503544123	-0.0033560686698159807	0.03279429897160819	0.147	1.0	0.008994832347039856	0.01840081466004839	100	
7	sgZc3h12a	40.0	fraction_NK	composition	NK	800.0	86	30	0.006361466989820513	-4.27816983834634e-05	0.013551753123501186	0.065	1.0	0.006289635252073404	0.006433298727567622	100	
7	sgZc3h12a	40.0	fraction_T	composition	T	800.0	86	30	-0.011056701935593669	-0.024239325873083455	0.003304403343740819	0.129	1.0	-0.011720023756993726	-0.010393380114193612	100	
7	sgZc3h12a	40.0	hypoxia	state	Malignant	800.0	86	30	-0.008876524134058239	-0.058526466640023214	0.040789663479650524	0.738	1.0	-0.013906872084548879	-0.0038461761835675975	100	
7	sgZc3h12a	40.0	ifn_response	state	Malignant	800.0	86	30	0.007669682325362869	-0.02705164552664311	0.04238158261805366	0.685	0.5	-0.02146674771434986	0.0368061123650756	100	
7	sgZc3h12a	40.0	macrophage_inflammatory	state	Macrophages	800.0	86	30	0.01830787071514467	-0.010451442182628947	0.045199490137384446	0.239	1.0	0.015679260115936264	0.02093648131435307	100	
7	sgZc3h12a	40.0	macrophage_spp1_trem2	state	Macrophages	800.0	86	30	-0.01451840419748221	-0.0615953123043998	0.03262286516256908	0.556	1.0	-0.020180979027197912	-0.008855829367766509	100	
7	sgZc3h12a	40.0	tgfb_ecm	state	Fibroblast	800.0	73	28	0.00877261909542891	-0.09604416432495785	0.11179538311899964	0.865	0.5	-0.021681455969810484	0.039226694160668305	88	
7	sgZc3h12a	60.0	cytotoxicity	state	T+NK	800.0	77	30	-0.020825363580997173	-0.09910422795022336	0.05456154154255405	0.612	1.0	-0.027517252816603735	-0.014133474345390614	91	
7	sgZc3h12a	60.0	exhaustion	state	T+NK	800.0	77	30	-0.01221183266562338	-0.043017892251686694	0.016500878067006567	0.463	0.5	-0.039448399598208755	0.015024734266961996	91	
7	sgZc3h12a	60.0	fraction_DC	composition	DC	800.0	86	30	0.004373396627496509	-0.008887505347165281	0.017335298441411996	0.503	1.0	0.0005866564633162184	0.008160136791676799	100	
7	sgZc3h12a	60.0	fraction_Endothelial	composition	Endothelial	800.0	86	30	0.0012424361612824021	-0.00575460213107969	0.008555607927441936	0.729	1.0	0.0011395929902845432	0.001345279332280261	100	
7	sgZc3h12a	60.0	fraction_Fibroblast	composition	Fibroblast	800.0	86	30	0.006687970756503882	-0.008077637872159165	0.023282065855802968	0.404	0.5	-0.00540383655350288	0.018779778066510645	100	
7	sgZc3h12a	60.0	fraction_Macrophages	composition	Macrophages	800.0	86	30	-0.013554131970641304	-0.042565830340309925	0.014231933696375003	0.404	0.5	-0.03414512082345127	0.0070368568821686595	100	
7	sgZc3h12a	60.0	fraction_Malignant	composition	Malignant	800.0	86	30	0.009681070451049446	-0.008471832416764117	0.029545406119572928	0.338	1.0	0.003174273520787261	0.01618786738131163	100	
7	sgZc3h12a	60.0	fraction_NK	composition	NK	800.0	86	30	0.00629693422558558	-0.0018231021395447035	0.015353587865801786	0.197	1.0	0.005794721599265014	0.006799146851906145	100	
7	sgZc3h12a	60.0	fraction_T	composition	T	800.0	86	30	-0.013613664769494624	-0.028090304355518944	0.000966666046330819	0.092	1.0	-0.020707422875971788	-0.006519906663017459	100	
7	sgZc3h12a	60.0	hypoxia	state	Malignant	800.0	82	30	0.05819682562192341	-0.005875352185289148	0.11400716369271201	0.087	1.0	0.04281993317776001	0.0735737180660868	97	
7	sgZc3h12a	60.0	ifn_response	state	Malignant	800.0	82	30	0.017314350981004308	-0.023368149221791194	0.05294087461660285	0.402	0.5	-0.036207133832459264	0.07083583579446788	97	
7	sgZc3h12a	60.0	macrophage_inflammatory	state	Macrophages	800.0	86	30	0.06201723934358086	0.025094594816924623	0.10137987103131808	0.004	0.5	-0.004606679744749992	0.1286411584319117	100	
7	sgZc3h12a	60.0	macrophage_spp1_trem2	state	Macrophages	800.0	86	30	-0.0340319545875024	-0.09086267935758817	0.027306657790336072	0.312	1.0	-0.03404441202344658	-0.03401949715155821	100	
7	sgZc3h12a	60.0	tgfb_ecm	state	Fibroblast	800.0	58	24	-0.00976783707111823	-0.15523384835972798	0.1369034483504458	0.917	0.5	-0.08222109717982155	0.06268542303758509	72	
