anchor_id	patch_id	sample	day	replicate	guide	center_x	center_y	source_bins	mean_guide_total	mean_top_fraction	strict_fraction	edge_distance	posterior_mean	posterior_max
Day4_rep1_A000516	Day4_rep1_P000516	Day4_rep1	4	1	sgGata3	2429.0	14529.0	1	2.0	1.0	1.0	540.0	0.0	0.0
Day4_rep1_A000546	Day4_rep1_P000546	Day4_rep1	4	1	sgGata3	369.0	3749.0	1	2.0	1.0	1.0	256.12496949731394	0.0	0.0
Day4_rep1_A000564	Day4_rep1_P000564	Day4_rep1	4	1	sgGata3	3769.0	15689.0	1	2.0	1.0	1.0	460.0	0.0	0.0
Day4_rep1_A000565	Day4_rep1_P000565	Day4_rep1	4	1	sgGata3	10209.0	11909.0	1	2.0	1.0	1.0	1640.0	0.0	0.0
Day4_rep1_A000597	Day4_rep1_P000597	Day4_rep1	4	1	sgGata3	6609.0	3749.0	1	2.0	1.0	1.0	640.0	0.25406677	0.25406677
Day4_rep1_A000624	Day4_rep1_P000624	Day4_rep1	4	1	sgGata3	1649.0	5549.0	1	2.0	1.0	1.0	1160.0	0.0	0.0
Day4_rep1_A000632	Day4_rep1_P000632	Day4_rep1	4	1	sgGata3	8009.0	14909.0	1	2.0	1.0	1.0	920.0	0.0	0.0
Day4_rep1_A000639	Day4_rep1_P000639	Day4_rep1	4	1	sgGata3	3089.0	4989.0	1	2.0	1.0	1.0	600.0	0.25406677	0.25406677
Day4_rep1_A000664	Day4_rep1_P000664	Day4_rep1	4	1	sgGata3	7149.0	10069.0	1	2.0	1.0	1.0	200.0	0.25406677	0.25406677
Day4_rep1_A000670	Day4_rep1_P000670	Day4_rep1	4	1	sgGata3	6909.0	2389.0	1	2.0	1.0	1.0	160.0	0.0	0.0
Day4_rep1_A000673	Day4_rep1_P000673	Day4_rep1	4	1	sgGata3	11369.0	6149.0	1	2.0	1.0	1.0	1752.369823981228	0.0	0.0
Day4_rep1_A000678	Day4_rep1_P000678	Day4_rep1	4	1	sgGata3	7689.0	16709.0	1	2.0	1.0	1.0	560.0	0.0	0.0
Day4_rep1_A000683	Day4_rep1_P000683	Day4_rep1	4	1	sgGata3	2149.0	1189.0	1	2.0	1.0	1.0	1040.0	0.0	0.0
Day4_rep1_A000691	Day4_rep1_P000691	Day4_rep1	4	1	sgGata3	7009.0	16629.0	1	2.0	1.0	1.0	480.0	0.0	0.0
Day4_rep1_A000697	Day4_rep1_P000697	Day4_rep1	4	1	sgGata3	2949.0	2230.0	1	2.0	1.0	1.0	20.0	0.0	0.0
Day4_rep1_A000712	Day4_rep1_P000712	Day4_rep1	4	1	sgGata3	5089.0	14209.0	1	2.0	1.0	1.0	220.0	0.0	0.0
Day4_rep1_A000713	Day4_rep1_P000713	Day4_rep1	4	1	sgGata3	2829.0	15029.0	1	2.0	1.0	1.0	1040.0	0.0	0.0
Day4_rep1_A000739	Day4_rep1_P000739	Day4_rep1	4	1	sgGata3	829.0	2689.0	1	2.0	1.0	1.0	460.0	0.0	0.0
Day4_rep1_A000742	Day4_rep1_P000742	Day4_rep1	4	1	sgGata3	5909.0	6989.0	1	2.0	1.0	1.0	1120.0	0.0	0.0
Day4_rep1_A000754	Day4_rep1_P000754	Day4_rep1	4	1	sgGata3	1629.0	12049.0	1	2.0	1.0	1.0	1620.0	0.0	0.0
Day4_rep1_A000756	Day4_rep1_P000756	Day4_rep1	4	1	sgGata3	6449.0	7989.0	1	2.0	1.0	1.0	120.0	0.25406677	0.25406677
Day4_rep1_A000793	Day4_rep1_P000793	Day4_rep1	4	1	sgGata3	4349.0	15629.0	1	2.0	1.0	1.0	520.0	0.0	0.0
Day4_rep1_A000800	Day4_rep1_P000800	Day4_rep1	4	1	sgGata3	1329.0	13609.0	1	2.0	1.0	1.0	380.0	0.25406677	0.25406677
Day4_rep1_A000808	Day4_rep1_P000808	Day4_rep1	4	1	sgGata3	969.0	9789.0	1	2.0	1.0	1.0	480.0	0.0	0.0
Day4_rep2_A000605	Day4_rep2_P000605	Day4_rep2	4	2	sgGata3	2569.0	9389.0	1	2.0	1.0	1.0	325.5764119219941	0.0	0.0
Day4_rep2_A000629	Day4_rep2_P000629	Day4_rep2	4	2	sgGata3	8709.0	7709.0	1	2.0	1.0	1.0	360.0	0.21407041	0.21407041
Day4_rep2_A000784	Day4_rep2_P000784	Day4_rep2	4	2	sgGata3	9388.0	5769.0	1	2.0	1.0	1.0	320.0	0.21407041	0.21407041
Day4_rep2_A000892	Day4_rep2_P000892	Day4_rep2	4	2	sgGata3	14869.0	1179.0	2	1.0	1.0	0.0	80.0	0.30718598	0.30718598
Day4_rep2_A000909	Day4_rep2_P000909	Day4_rep2	4	2	sgGata3	12149.0	5589.0	1	2.0	1.0	1.0	440.0	0.21407041	0.21407041
Day4_rep2_A000927	Day4_rep2_P000927	Day4_rep2	4	2	sgGata3	12869.0	8549.0	1	2.0	1.0	1.0	703.420215802759	0.0	0.0
Day4_rep2_A000969	Day4_rep2_P000969	Day4_rep2	4	2	sgGata3	11659.0	7529.0	2	1.0	1.0	0.0	40.0	0.30718598	0.30718598
Day7_rep1_A000644	Day7_rep1_P000644	Day7_rep1	7	1	sgGata3	7209.0	3989.0	1	2.0	1.0	1.0	40.0	0.04968126	0.04968126
Day7_rep1_A000645	Day7_rep1_P000645	Day7_rep1	7	1	sgGata3	12009.0	5629.0	1	2.0	1.0	1.0	220.0	0.04968126	0.04968126
Day7_rep1_A000648	Day7_rep1_P000648	Day7_rep1	7	1	sgGata3	1849.0	8249.0	1	2.0	1.0	1.0	60.0	0.04968126	0.04968126
Day7_rep1_A000651	Day7_rep1_P000651	Day7_rep1	7	1	sgGata3	2049.0	10509.0	1	2.0	1.0	1.0	140.0	0.04968126	0.04968126
Day7_rep1_A000653	Day7_rep1_P000653	Day7_rep1	7	1	sgGata3	349.0	14049.0	1	2.0	1.0	1.0	120.0	0.04968126	0.04968126
Day7_rep1_A000664	Day7_rep1_P000664	Day7_rep1	7	1	sgGata3	10869.0	7509.0	1	2.0	1.0	1.0	160.0	0.04968126	0.04968126
Day7_rep1_A000672	Day7_rep1_P000672	Day7_rep1	7	1	sgGata3	10129.0	5569.0	1	2.0	1.0	1.0	900.0	0.04968126	0.04968126
Day7_rep1_A000673	Day7_rep1_P000673	Day7_rep1	7	1	sgGata3	529.0	14249.0	1	2.0	1.0	1.0	60.0	0.04968126	0.04968126
Day7_rep1_A000693	Day7_rep1_P000693	Day7_rep1	7	1	sgGata3	7959.0	14229.0	2	1.0	1.0	0.0	180.0	0.23945692	0.23945692
Day7_rep1_A000718	Day7_rep1_P000718	Day7_rep1	7	1	sgGata3	1289.0	13889.0	1	2.0	1.0	1.0	100.0	0.04968126	0.04968126
Day7_rep1_A000719	Day7_rep1_P000719	Day7_rep1	7	1	sgGata3	3389.0	14789.0	1	2.0	1.0	1.0	280.0	0.33290434	0.33290434
Day7_rep1_A000744	Day7_rep1_P000744	Day7_rep1	7	1	sgGata3	669.0	10849.0	1	2.0	1.0	1.0	200.0	0.04968126	0.04968126
Day7_rep1_A000752	Day7_rep1_P000752	Day7_rep1	7	1	sgGata3	13909.0	14109.0	1	2.0	1.0	1.0	240.0	0.33290434	0.33290434
Day7_rep1_A000780	Day7_rep1_P000780	Day7_rep1	7	1	sgGata3	7589.0	4069.0	1	2.0	1.0	1.0	120.0	0.33290434	0.33290434
Day7_rep1_A000785	Day7_rep1_P000785	Day7_rep1	7	1	sgGata3	1049.0	13169.0	1	2.0	1.0	1.0	140.0	0.04968126	0.04968126
Day7_rep1_A000787	Day7_rep1_P000787	Day7_rep1	7	1	sgGata3	7289.0	14289.0	1	2.0	1.0	1.0	220.0	0.04968126	0.04968126
Day7_rep1_A000789	Day7_rep1_P000789	Day7_rep1	7	1	sgGata3	229.0	14609.0	1	2.0	1.0	1.0	80.0	0.04968126	0.04968126
Day7_rep1_A000793	Day7_rep1_P000793	Day7_rep1	7	1	sgGata3	8529.0	10829.0	1	2.0	1.0	1.0	220.0	0.04968126	0.04968126
Day7_rep1_A000816	Day7_rep1_P000816	Day7_rep1	7	1	sgGata3	2129.0	13449.0	1	2.0	1.0	1.0	100.0	0.04968126	0.04968126
Day7_rep1_A000842	Day7_rep1_P000842	Day7_rep1	7	1	sgGata3	6089.0	4009.0	1	2.0	1.0	1.0	60.0	0.04968126	0.04968126
Day7_rep1_A000848	Day7_rep1_P000848	Day7_rep1	7	1	sgGata3	569.0	9949.0	1	2.0	1.0	1.0	100.0	0.33290434	0.33290434
Day7_rep1_A000888	Day7_rep1_P000888	Day7_rep1	7	1	sgGata3	2469.0	14569.0	1	2.0	1.0	1.0	400.0	0.04968126	0.04968126
Day7_rep1_A000891	Day7_rep1_P000891	Day7_rep1	7	1	sgGata3	2009.0	15109.0	1	2.0	1.0	1.0	100.0	0.04968126	0.04968126
Day7_rep1_A000898	Day7_rep1_P000898	Day7_rep1	7	1	sgGata3	4089.0	8169.0	1	2.0	1.0	1.0	500.0	0.04968126	0.04968126
Day7_rep1_A000906	Day7_rep1_P000906	Day7_rep1	7	1	sgGata3	2009.0	17029.0	1	2.0	1.0	1.0	100.0	0.04968126	0.04968126
Day7_rep1_A000915	Day7_rep1_P000915	Day7_rep1	7	1	sgGata3	12709.0	17269.0	1	2.0	1.0	1.0	240.0	0.04968126	0.04968126
Day7_rep1_A000930	Day7_rep1_P000930	Day7_rep1	7	1	sgGata3	8729.0	16109.0	1	2.0	1.0	1.0	20.0	0.04968126	0.04968126
Day7_rep1_A000956	Day7_rep1_P000956	Day7_rep1	7	1	sgGata3	7009.0	11989.0	1	2.0	1.0	1.0	60.0	0.33290434	0.33290434
Day7_rep1_A000980	Day7_rep1_P000980	Day7_rep1	7	1	sgGata3	4929.0	15249.0	1	2.0	1.0	1.0	220.0	0.04968126	0.04968126
Day7_rep1_A001009	Day7_rep1_P001009	Day7_rep1	7	1	sgGata3	12889.0	10869.0	1	2.0	1.0	1.0	60.0	0.04968126	0.04968126
Day7_rep1_A001021	Day7_rep1_P001021	Day7_rep1	7	1	sgGata3	5709.0	11049.0	1	2.0	1.0	1.0	320.0	0.04968126	0.04968126
Day7_rep1_A001030	Day7_rep1_P001030	Day7_rep1	7	1	sgGata3	8330.0	12129.0	1	2.0	1.0	1.0	420.0	0.04968126	0.04968126
Day7_rep2_A001638	Day7_rep2_P001638	Day7_rep2	7	2	sgGata3	4949.0	7099.0	2	1.0	1.0	0.0	280.0	0.16199337	0.16199337
Day7_rep2_A001670	Day7_rep2_P001670	Day7_rep2	7	2	sgGata3	1019.5	3909.0	2	1.0	1.0	0.0	180.0	0.16199337	0.16199337
Day7_rep2_A001674	Day7_rep2_P001674	Day7_rep2	7	2	sgGata3	739.0	6519.0	2	1.0	1.0	0.0	742.4284477308233	0.16199337	0.16199337
Day7_rep2_A001689	Day7_rep2_P001689	Day7_rep2	7	2	sgGata3	419.0	4459.5	2	1.0	1.0	0.0	20.0	0.16199337	0.16199337
Day7_rep2_A001692	Day7_rep2_P001692	Day7_rep2	7	2	sgGata3	17549.0	4649.0	1	2.0	1.0	1.0	80.0	0.19564115	0.19564115
Day7_rep2_A001698	Day7_rep2_P001698	Day7_rep2	7	2	sgGata3	17169.0	5329.0	1	2.0	1.0	1.0	80.0	0.037685476	0.037685476
Day7_rep2_A001729	Day7_rep2_P001729	Day7_rep2	7	2	sgGata3	3079.0	519.0	2	1.0	1.0	0.0	140.0	0.16199337	0.16199337
Day7_rep2_A001734	Day7_rep2_P001734	Day7_rep2	7	2	sgGata3	8739.0	3179.0	2	1.0	1.0	0.0	126.49110640673518	0.16199337	0.16199337
Day7_rep2_A001753	Day7_rep2_P001753	Day7_rep2	7	2	sgGata3	11469.0	3149.0	1	2.0	1.0	1.0	40.0	0.19564115	0.19564115
Day7_rep2_A001771	Day7_rep2_P001771	Day7_rep2	7	2	sgGata3	5069.0	1689.0	1	2.0	1.0	1.0	120.0	0.19564115	0.19564115
Day7_rep2_A001773	Day7_rep2_P001773	Day7_rep2	7	2	sgGata3	10949.0	3109.0	1	2.0	1.0	1.0	100.0	0.037685476	0.037685476
Day7_rep2_A001776	Day7_rep2_P001776	Day7_rep2	7	2	sgGata3	16439.5	4759.5	2	1.5	1.0	0.5	20.0	0.17881726	0.19564115
Day7_rep2_A001786	Day7_rep2_P001786	Day7_rep2	7	2	sgGata3	12089.0	3069.0	1	2.0	1.0	1.0	60.0	0.19564115	0.19564115
Day7_rep2_A001805	Day7_rep2_P001805	Day7_rep2	7	2	sgGata3	9179.0	4639.0	2	1.0	1.0	0.0	80.0	0.16199337	0.16199337
Day7_rep2_A001836	Day7_rep2_P001836	Day7_rep2	7	2	sgGata3	6099.0	1719.0	2	1.0	1.0	0.0	80.0	0.16199337	0.16199337
Day7_rep2_A001860	Day7_rep2_P001860	Day7_rep2	7	2	sgGata3	3609.0	3869.0	1	2.0	1.0	1.0	140.0	0.19564115	0.19564115
Day7_rep2_A001864	Day7_rep2_P001864	Day7_rep2	7	2	sgGata3	5879.5	6699.0	2	1.0	1.0	0.0	20.0	0.16199337	0.16199337
Day7_rep2_A001873	Day7_rep2_P001873	Day7_rep2	7	2	sgGata3	4369.0	8029.0	1	2.0	1.0	1.0	100.0	0.19564115	0.19564115
Day7_rep2_A001875	Day7_rep2_P001875	Day7_rep2	7	2	sgGata3	4999.0	559.0	2	1.0	1.0	0.0	340.0	0.16199337	0.16199337
Day7_rep2_A001893	Day7_rep2_P001893	Day7_rep2	7	2	sgGata3	9809.0	4609.0	1	2.0	1.0	1.0	20.0	0.19564115	0.19564115
Day7_rep2_A001909	Day7_rep2_P001909	Day7_rep2	7	2	sgGata3	7789.0	8719.0	2	1.0	1.0	0.0	120.0	0.16199337	0.16199337
Day7_rep2_A001938	Day7_rep2_P001938	Day7_rep2	7	2	sgGata3	3109.0	6269.0	1	2.0	1.0	1.0	120.0	0.037685476	0.037685476
Day7_rep2_A001968	Day7_rep2_P001968	Day7_rep2	7	2	sgGata3	4129.0	5349.0	1	2.0	1.0	1.0	60.0	0.19564115	0.19564115
Day7_rep2_A001989	Day7_rep2_P001989	Day7_rep2	7	2	sgGata3	18269.0	5139.0	2	1.0	1.0	0.0	260.0	0.16199337	0.16199337
Day7_rep2_A002010	Day7_rep2_P002010	Day7_rep2	7	2	sgGata3	5889.0	1089.0	1	2.0	1.0	1.0	20.0	0.19564115	0.19564115
Day7_rep2_A002012	Day7_rep2_P002012	Day7_rep2	7	2	sgGata3	4009.0	3809.0	1	2.0	1.0	1.0	60.0	0.037685476	0.037685476
Day7_rep2_A002032	Day7_rep2_P002032	Day7_rep2	7	2	sgGata3	2299.0	3789.0	2	1.0	1.0	0.0	40.0	0.16199337	0.16199337
Day7_rep2_A002042	Day7_rep2_P002042	Day7_rep2	7	2	sgGata3	12039.5	2849.0	2	1.0	1.0	0.0	160.0	0.16199337	0.16199337
Day7_rep2_A002053	Day7_rep2_P002053	Day7_rep2	7	2	sgGata3	2799.0	1209.0	2	1.0	1.0	0.0	420.0	0.16199337	0.16199337
Day7_rep2_A002057	Day7_rep2_P002057	Day7_rep2	7	2	sgGata3	17689.0	5089.0	1	2.0	1.0	1.0	60.0	0.19564115	0.19564115
Day7_rep2_A002066	Day7_rep2_P002066	Day7_rep2	7	2	sgGata3	4369.0	3389.0	1	2.0	1.0	1.0	300.0	0.19564115	0.19564115
Day7_rep2_A002075	Day7_rep2_P002075	Day7_rep2	7	2	sgGata3	2909.0	7289.0	1	2.0	1.0	1.0	320.0	0.19564115	0.19564115
Day7_rep2_A002098	Day7_rep2_P002098	Day7_rep2	7	2	sgGata3	8209.0	8689.0	1	2.0	1.0	1.0	60.0	0.037685476	0.037685476
Day7_rep2_A002107	Day7_rep2_P002107	Day7_rep2	7	2	sgGata3	1549.0	5809.0	1	2.0	1.0	1.0	160.0	0.037685476	0.037685476
Day7_rep2_A002112	Day7_rep2_P002112	Day7_rep2	7	2	sgGata3	14699.5	859.0	2	1.0	1.0	0.0	156.20499351813308	0.16199337	0.16199337
Day7_rep2_A002140	Day7_rep2_P002140	Day7_rep2	7	2	sgGata3	3489.0	3529.0	1	2.0	1.0	1.0	200.0	0.037685476	0.037685476
Day7_rep2_A002168	Day7_rep2_P002168	Day7_rep2	7	2	sgGata3	8349.0	3019.5	2	1.0	1.0	0.0	20.0	0.16199337	0.16199337
Day7_rep2_A002186	Day7_rep2_P002186	Day7_rep2	7	2	sgGata3	6249.0	8769.0	1	2.0	1.0	1.0	120.0	0.037685476	0.037685476
Day7_rep2_A002192	Day7_rep2_P002192	Day7_rep2	7	2	sgGata3	16469.0	5679.0	2	1.0	1.0	0.0	40.0	0.16199337	0.16199337
Day7_rep2_A002207	Day7_rep2_P002207	Day7_rep2	7	2	sgGata3	16809.0	5789.0	1	2.0	1.0	1.0	140.0	0.19564115	0.19564115
Day7_rep2_A002231	Day7_rep2_P002231	Day7_rep2	7	2	sgGata3	9279.0	959.0	2	1.5	1.0	0.5	180.0	0.17881726	0.19564115
Day7_rep2_A002238	Day7_rep2_P002238	Day7_rep2	7	2	sgGata3	12439.0	2279.0	2	1.0	1.0	0.0	240.0	0.16199337	0.16199337
Day7_rep2_A002244	Day7_rep2_P002244	Day7_rep2	7	2	sgGata3	9969.0	3189.0	1	2.0	1.0	1.0	140.0	0.037685476	0.037685476
Day7_rep2_A002255	Day7_rep2_P002255	Day7_rep2	7	2	sgGata3	3589.0	4509.0	1	3.0	1.0	1.0	60.0	0.19564115	0.19564115
Day7_rep2_A002282	Day7_rep2_P002282	Day7_rep2	7	2	sgGata3	10169.0	7809.0	1	2.0	1.0	1.0	120.0	0.037685476	0.037685476
Day7_rep2_A002283	Day7_rep2_P002283	Day7_rep2	7	2	sgGata3	4989.0	8789.0	1	2.0	1.0	1.0	100.0	0.037685476	0.037685476
Day7_rep2_A002299	Day7_rep2_P002299	Day7_rep2	7	2	sgGata3	1269.0	7769.0	1	2.0	1.0	1.0	80.0	0.037685476	0.037685476
Day7_rep2_A002331	Day7_rep2_P002331	Day7_rep2	7	2	sgGata3	7789.0	4889.0	1	2.0	1.0	1.0	120.0	0.037685476	0.037685476
Day7_rep2_A002336	Day7_rep2_P002336	Day7_rep2	7	2	sgGata3	4929.0	7649.0	1	2.0	1.0	1.0	40.0	0.19564115	0.19564115
Day7_rep2_A002503	Day7_rep2_P002503	Day7_rep2	7	2	sgGata3	9609.0	2109.0	1	2.0	1.0	1.0	60.0	0.037685476	0.037685476
Day7_rep2_A002586	Day7_rep2_P002586	Day7_rep2	7	2	sgGata3	4829.0	3909.0	1	2.0	1.0	1.0	160.0	0.037685476	0.037685476
