slice,niche_method,n_niches,response,n_source,delta,perm_p
M001,leiden_res0.3,288,score_malignant,1471,0.2968,0.009900990099009901
M001,leiden_res0.3,288,score_cd8_like,1471,0.1354,0.009900990099009901
M001,leiden_res0.3,288,score_macrophage,1471,0.2765,0.009900990099009901
M001,leiden_res0.3,288,score_fibroblast,1471,0.2398,0.009900990099009901
M001,leiden_res0.3,288,score_endothelial,1471,-0.0416,0.0594059405940594
M001,leiden_res0.3,288,score_hypoxia,1471,0.6101,0.009900990099009901
M001,leiden_res0.3,288,score_ifn_response,1471,0.2122,0.009900990099009901
M001,kmeans_k12,12,score_malignant,1471,0.2968,0.009900990099009901
M001,kmeans_k12,12,score_cd8_like,1471,0.1354,0.009900990099009901
M001,kmeans_k12,12,score_macrophage,1471,0.2765,0.009900990099009901
M001,kmeans_k12,12,score_fibroblast,1471,0.2398,0.009900990099009901
M001,kmeans_k12,12,score_endothelial,1471,-0.0416,0.0594059405940594
M001,kmeans_k12,12,score_hypoxia,1471,0.6101,0.009900990099009901
M001,kmeans_k12,12,score_ifn_response,1471,0.2122,0.009900990099009901
M001,leiden_res0.6,298,score_malignant,1471,0.2968,0.009900990099009901
M001,leiden_res0.6,298,score_cd8_like,1471,0.1354,0.009900990099009901
M001,leiden_res0.6,298,score_macrophage,1471,0.2765,0.009900990099009901
M001,leiden_res0.6,298,score_fibroblast,1471,0.2398,0.009900990099009901
M001,leiden_res0.6,298,score_endothelial,1471,-0.0416,0.0594059405940594
M001,leiden_res0.6,298,score_hypoxia,1471,0.6101,0.009900990099009901
M001,leiden_res0.6,298,score_ifn_response,1471,0.2122,0.009900990099009901
M001,leiden_res1.0,313,score_malignant,1471,0.2968,0.009900990099009901
M001,leiden_res1.0,313,score_cd8_like,1471,0.1354,0.009900990099009901
M001,leiden_res1.0,313,score_macrophage,1471,0.2765,0.009900990099009901
M001,leiden_res1.0,313,score_fibroblast,1471,0.2398,0.009900990099009901
M001,leiden_res1.0,313,score_endothelial,1471,-0.0416,0.0594059405940594
M001,leiden_res1.0,313,score_hypoxia,1471,0.6101,0.009900990099009901
M001,leiden_res1.0,313,score_ifn_response,1471,0.2122,0.009900990099009901
M002,leiden_res0.3,388,score_malignant,2409,0.2872,0.009900990099009901
M002,leiden_res0.3,388,score_cd8_like,2409,0.073,0.009900990099009901
M002,leiden_res0.3,388,score_macrophage,2409,0.2786,0.009900990099009901
M002,leiden_res0.3,388,score_fibroblast,2409,0.4429,0.009900990099009901
M002,leiden_res0.3,388,score_endothelial,2409,-0.0104,0.297029702970297
M002,leiden_res0.3,388,score_hypoxia,2409,0.187,0.009900990099009901
M002,leiden_res0.3,388,score_ifn_response,2409,0.6929,0.009900990099009901
M002,kmeans_k12,12,score_malignant,2409,0.2872,0.009900990099009901
M002,kmeans_k12,12,score_cd8_like,2409,0.073,0.009900990099009901
M002,kmeans_k12,12,score_macrophage,2409,0.2786,0.009900990099009901
M002,kmeans_k12,12,score_fibroblast,2409,0.4429,0.009900990099009901
M002,kmeans_k12,12,score_endothelial,2409,-0.0104,0.297029702970297
M002,kmeans_k12,12,score_hypoxia,2409,0.187,0.009900990099009901
M002,kmeans_k12,12,score_ifn_response,2409,0.6929,0.009900990099009901
M002,leiden_res0.6,392,score_malignant,2409,0.2872,0.009900990099009901
M002,leiden_res0.6,392,score_cd8_like,2409,0.073,0.009900990099009901
M002,leiden_res0.6,392,score_macrophage,2409,0.2786,0.009900990099009901
M002,leiden_res0.6,392,score_fibroblast,2409,0.4429,0.009900990099009901
M002,leiden_res0.6,392,score_endothelial,2409,-0.0104,0.297029702970297
M002,leiden_res0.6,392,score_hypoxia,2409,0.187,0.009900990099009901
M002,leiden_res0.6,392,score_ifn_response,2409,0.6929,0.009900990099009901
M002,leiden_res1.0,400,score_malignant,2409,0.2872,0.009900990099009901
M002,leiden_res1.0,400,score_cd8_like,2409,0.073,0.009900990099009901
M002,leiden_res1.0,400,score_macrophage,2409,0.2786,0.009900990099009901
M002,leiden_res1.0,400,score_fibroblast,2409,0.4429,0.009900990099009901
M002,leiden_res1.0,400,score_endothelial,2409,-0.0104,0.297029702970297
M002,leiden_res1.0,400,score_hypoxia,2409,0.187,0.009900990099009901
M002,leiden_res1.0,400,score_ifn_response,2409,0.6929,0.009900990099009901
M003,leiden_res0.3,417,score_malignant,179,-0.2121,0.009900990099009901
M003,leiden_res0.3,417,score_cd8_like,179,-0.0982,0.06930693069306931
M003,leiden_res0.3,417,score_macrophage,179,-0.0485,0.44554455445544555
M003,leiden_res0.3,417,score_fibroblast,179,0.0575,0.19801980198019803
M003,leiden_res0.3,417,score_endothelial,179,-0.0782,0.039603960396039604
M003,leiden_res0.3,417,score_hypoxia,179,-0.2053,0.009900990099009901
M003,leiden_res0.3,417,score_ifn_response,179,-0.0977,0.16831683168316833
M003,kmeans_k12,12,score_malignant,179,-0.2121,0.009900990099009901
M003,kmeans_k12,12,score_cd8_like,179,-0.0982,0.06930693069306931
M003,kmeans_k12,12,score_macrophage,179,-0.0485,0.44554455445544555
M003,kmeans_k12,12,score_fibroblast,179,0.0575,0.19801980198019803
M003,kmeans_k12,12,score_endothelial,179,-0.0782,0.039603960396039604
M003,kmeans_k12,12,score_hypoxia,179,-0.2053,0.009900990099009901
M003,kmeans_k12,12,score_ifn_response,179,-0.0977,0.16831683168316833
M003,leiden_res0.6,428,score_malignant,179,-0.2121,0.009900990099009901
M003,leiden_res0.6,428,score_cd8_like,179,-0.0982,0.06930693069306931
M003,leiden_res0.6,428,score_macrophage,179,-0.0485,0.44554455445544555
M003,leiden_res0.6,428,score_fibroblast,179,0.0575,0.19801980198019803
M003,leiden_res0.6,428,score_endothelial,179,-0.0782,0.039603960396039604
M003,leiden_res0.6,428,score_hypoxia,179,-0.2053,0.009900990099009901
M003,leiden_res0.6,428,score_ifn_response,179,-0.0977,0.16831683168316833
M003,leiden_res1.0,437,score_malignant,179,-0.2121,0.009900990099009901
M003,leiden_res1.0,437,score_cd8_like,179,-0.0982,0.06930693069306931
M003,leiden_res1.0,437,score_macrophage,179,-0.0485,0.44554455445544555
M003,leiden_res1.0,437,score_fibroblast,179,0.0575,0.19801980198019803
M003,leiden_res1.0,437,score_endothelial,179,-0.0782,0.039603960396039604
M003,leiden_res1.0,437,score_hypoxia,179,-0.2053,0.009900990099009901
M003,leiden_res1.0,437,score_ifn_response,179,-0.0977,0.16831683168316833
